EnrollmentID,StudentID,ScheduleID,Grade
1,1,1,A
2,1,2,B+
3,2,1,A-
4,1879,50,A
5,1007,3058,C
6,1752,3032,C
7,718,2796,F
8,1294,856,C+
9,222,3492,C
10,1607,2178,C+
11,663,2926,B
12,64,3212,D
13,1772,3702,B
14,442,2510,B+
15,40,3086,B+
16,1326,632,D
17,363,2776,B
18,1733,66,D
19,719,2298,C
20,136,2646,C+
21,1531,2064,C+
22,1892,2760,B
23,1815,3360,C
24,55,3526,B
25,1196,2012,D
26,523,758,D
27,1633,3854,B
28,749,1956,C+
29,1247,1006,B
30,375,1598,F
31,378,3476,A
32,1052,1224,B
33,1713,2360,F
34,1725,1286,C+
35,1041,3630,C
36,998,472,F
37,114,1170,A
38,1005,3200,F
39,624,2064,B
40,1790,1590,B+
41,1281,3564,F
42,1465,3194,B+
43,1244,634,D
44,930,2238,A
45,1186,224,F
46,1156,2734,A
47,629,882,B
48,1636,1062,F
49,1152,2478,C
50,1348,1762,B+
51,1020,684,B
52,661,3508,C+
53,951,2894,A
54,1682,1470,D
55,1091,3328,C+
56,1106,1394,C
57,1711,538,C
58,966,3968,B+
59,502,1818,D
60,1566,2846,F
61,777,1538,A
62,769,708,B+
63,1488,426,B+
64,599,1832,C+
65,150,3718,B+
66,292,2076,D
67,189,2646,A
68,905,3888,B+
69,296,3388,C
70,1186,572,F
71,1907,1270,B+
72,372,1346,C
73,1506,2390,C+
74,1539,3442,D
75,1469,1162,B
76,451,2644,A
77,1209,778,F
78,510,718,C
79,408,2512,B+
80,1557,1422,C+
81,15,3576,C
82,661,3740,D
83,108,1832,A
84,1503,3316,B
85,137,1734,C
86,573,676,A
87,1059,3826,B
88,1043,220,D
89,1937,600,D
90,1885,3448,B
91,1339,2856,C
92,538,1084,C+
93,740,2144,C+
94,1532,2656,C+
95,1424,114,F
96,993,3832,D
97,206,1176,B+
98,568,3954,C
99,1560,176,D
100,667,2870,A
101,772,1434,C+
102,699,1060,D
103,1056,3596,A
104,1401,1550,C
105,819,1968,C+
106,1791,1476,C
107,1328,1584,B
108,1219,2334,A
109,1209,3724,C+
110,1964,3236,A
111,187,3188,C
112,1478,2496,D
113,1707,2858,C+
114,1824,3752,C
115,1964,3332,B
116,1601,2058,A
117,1586,558,F
118,719,552,C
119,630,1834,D
120,1521,2876,A
121,249,2884,C+
122,480,522,C
123,1176,380,C
124,1109,558,C
125,1790,2490,B+
126,750,732,D
127,1081,3156,C
128,527,1670,B
129,1251,1748,B+
130,1040,1556,C
131,974,3290,F
132,915,2846,F
133,1989,1858,B
134,1744,2894,C+
135,944,3650,B+
136,281,2734,C
137,1349,3112,B
138,362,2904,B
139,253,532,C
140,1267,998,C
141,60,2626,B+
142,453,3480,D
143,1557,2412,B+
144,1987,2408,B
145,997,534,B+
146,1257,2820,F
147,366,2732,B
148,1303,2290,B+
149,537,3790,D
150,31,970,B+
151,1127,1304,C+
152,1444,1544,B+
153,675,2090,C
154,707,3724,B
155,1971,1482,B+
156,1814,1482,C
157,1736,3128,F
158,1500,2814,B
159,1958,2660,D
160,1602,2550,C+
161,901,402,D
162,291,3064,B
163,1405,3262,B+
164,84,3802,A
165,1629,3296,D
166,1313,716,B
167,1195,532,D
168,1187,2902,D
169,1397,2750,A
170,1207,32,B+
171,628,2354,F
172,1560,728,B
173,668,402,C
174,503,2104,B
175,808,1136,F
176,1065,2146,A
177,1990,3738,A
178,923,970,C+
179,101,2258,B+
180,845,240,B
181,1874,2506,B+
182,1714,3792,C
183,1184,2480,C+
184,590,632,B+
185,895,702,B
186,140,3248,C+
187,419,1410,C+
188,1084,2018,C+
189,603,3398,D
190,774,2004,C+
191,145,2238,C
192,1027,3690,F
193,769,1986,C+
194,358,3410,B+
195,446,840,A
196,1332,3662,F
197,888,700,B+
198,234,1068,D
199,1400,714,B
200,1081,1846,B+
201,1087,1060,F
202,1251,860,A
203,243,2488,D
204,1828,838,C+
205,1258,1996,C+
206,385,560,F
207,1832,3994,C
208,635,2382,D
209,1172,1074,F
210,529,3620,C
211,1230,3788,C
212,336,2842,C
213,1982,2478,A
214,709,1188,C
215,1160,132,D
216,1508,976,D
217,36,3168,D
218,1182,3150,D
219,1574,502,C
220,948,970,C
221,1582,3324,A
222,553,3332,A
223,813,1510,C
224,1551,1794,D
225,1696,3970,A
226,243,3600,B
227,330,2472,D
228,855,1312,F
229,1696,984,F
230,995,1406,C
231,1531,380,A
232,1024,3808,C
233,264,900,A
234,138,816,A
235,363,3546,B
236,289,3394,B+
237,1096,1674,F
238,1512,2132,C+
239,162,2278,D
240,39,3034,B
241,1303,3898,F
242,744,2756,C+
243,1071,282,C+
244,485,1180,A
245,1125,2920,B
246,802,1400,B
247,1722,690,C
248,567,1872,C
249,1491,624,C+
250,852,1962,B+
251,1259,2806,F
252,219,190,C+
253,1512,80,A
254,341,3532,F
255,1897,3244,C+
256,1437,216,C+
257,987,342,C
258,1262,3654,C+
259,391,2854,F
260,1868,610,B+
261,1535,3740,B
262,605,1214,F
263,354,292,C
264,1703,1650,B
265,283,2274,C
266,1296,3090,D
267,1206,170,D
268,505,2910,B
269,1949,3426,C+
270,902,2472,C
271,596,1582,D
272,200,396,B+
273,1917,1468,A
274,1020,2434,F
275,1942,2954,A
276,1931,582,B
277,1673,1678,C
278,248,2394,C
279,637,872,A
280,752,58,B
281,79,3126,A
282,1213,2226,A
283,822,1784,F
284,769,3720,B
285,961,208,D
286,107,1174,A
287,689,1072,F
288,1982,2722,B+
289,1626,3536,F
290,1180,1336,F
291,1180,1230,A
292,524,384,B
293,803,1596,C+
294,1423,84,B
295,479,1280,C
296,158,776,F
297,1840,1508,B
298,1743,3228,C+
299,1230,2858,B
300,1026,3520,D
301,566,594,F
302,1302,1128,B+
303,1706,1036,F
304,761,3214,F
305,394,632,C+
306,1353,2884,B+
307,1070,3438,A
308,1637,1992,C+
309,1232,1720,F
310,199,794,C+
311,1506,3904,C+
312,1000,2496,F
313,43,3902,C
314,1851,240,D
315,770,2948,B+
316,1979,304,B
317,1493,3668,F
318,1465,3272,C+
319,73,1376,A
320,1261,2626,B+
321,99,1834,D
322,1094,972,A
323,1181,1264,B
324,1193,3570,A
325,1942,396,B+
326,1673,3866,A
327,287,3356,D
328,1457,2704,B+
329,1578,3,B+
330,633,3498,F
331,1965,3402,C
332,239,532,A
333,1503,3154,C+
334,245,942,B
335,1904,414,F
336,569,420,C+
337,530,210,F
338,1961,3592,B
339,1145,2628,F
340,1965,436,F
341,164,1854,F
342,1092,1834,A
343,404,1152,A
344,1406,448,C
345,1406,3070,A
346,1263,654,F
347,853,1028,F
348,1039,2480,D
349,89,2876,C
350,1449,2410,C
351,793,1980,C+
352,1587,2084,C
353,1198,2474,B+
354,409,1430,A
355,234,2590,B
356,1178,3444,F
357,1325,2232,D
358,312,2342,F
359,1409,2520,D
360,1147,2710,D
361,90,1110,C
362,43,1476,D
363,1512,3656,A
364,1269,1876,D
365,1774,2226,C+
366,1758,2654,D
367,469,16,D
368,879,1680,C+
369,212,82,D
370,172,3572,F
371,1635,564,C
372,321,2820,B+
373,273,1002,B
374,1113,3032,C
375,1186,30,B+
376,580,2214,F
377,508,2416,B
378,834,20,A
379,1348,3416,B
380,407,2306,B+
381,1217,1558,B+
382,1707,1710,C+
383,533,718,B
384,970,3104,B+
385,729,2896,B+
386,1483,1410,C+
387,1631,1522,C+
388,364,3208,F
389,577,3688,C
390,801,504,B+
391,1747,2470,B
392,1227,1198,D
393,508,2938,D
394,554,1732,C+
395,268,3470,F
396,1315,1690,B+
397,392,3248,D
398,1372,926,B+
399,866,2734,C+
400,1530,1688,B+
401,1121,246,F
402,764,2022,C+
403,856,2540,B
404,1340,3212,C
405,1188,114,A
406,1922,2876,D
407,914,3474,B
408,763,440,B
409,561,74,C
410,422,3396,C
411,675,122,B+
412,1008,2922,A
413,928,3300,C
414,613,1054,D
415,216,2064,D
416,434,3362,B
417,396,3716,B+
418,1499,176,F
419,1479,3854,A
420,183,2822,C
421,1110,870,D
422,93,3220,C+
423,248,3002,B
424,1125,1414,B
425,665,3004,B+
426,163,1986,A
427,1354,2864,A
428,459,860,B+
429,867,2908,F
430,1987,736,C
431,1896,2008,C+
432,1871,198,D
433,123,1192,C
434,121,2658,C
435,1685,3728,B
436,582,3418,C
437,1073,210,D
438,1922,494,C
439,1249,456,A
440,252,3694,C+
441,689,3526,A
442,1756,256,F
443,145,3082,F
444,845,1160,B
445,593,3714,A
446,553,1082,A
447,451,1272,F
448,1037,2026,D
449,152,834,B
450,1404,460,A
451,1569,3378,B+
452,1100,336,B
453,399,3152,F
454,1015,1054,B+
455,1366,3040,F
456,1373,940,C
457,57,1794,F
458,922,3162,C
459,1009,866,F
460,667,3224,B+
461,632,1314,C
462,607,1874,D
463,1972,550,A
464,1747,2828,B+
465,1384,680,B+
466,383,1148,B
467,1695,964,F
468,849,780,F
469,439,3714,D
470,1880,3810,F
471,1809,2152,C
472,1572,1812,F
473,1021,1114,C
474,492,2684,D
475,916,3772,F
476,87,2422,A
477,844,118,B+
478,1229,1628,C
479,1580,2082,A
480,693,2428,A
481,1325,720,F
482,1381,940,C
483,1600,1330,C+
484,1027,62,F
485,641,3546,C+
486,1093,3510,F
487,1820,1402,A
488,1789,3780,A
489,508,2496,C
490,148,2474,B+
491,1725,2764,C+
492,1576,3468,B+
493,792,3760,A
494,1382,1540,B
495,1412,2040,C+
496,124,744,A
497,163,774,C
498,650,900,F
499,1808,874,B
500,435,978,B
501,794,3578,B
502,1466,3250,D
503,1210,2910,C
504,170,2714,F
505,1975,2294,F
506,1277,2800,D
507,391,3274,B
508,1810,2922,A
509,1345,1240,F
510,207,342,A
511,448,76,B+
512,2001,3484,B
513,166,3720,D
514,323,262,D
515,1902,1162,B
516,547,3396,F
517,1892,1028,B
518,721,2930,F
519,1558,1826,B+
520,1609,1346,D
521,1088,3224,C
522,1600,28,C+
523,111,1924,B+
524,65,2710,C+
525,461,2364,C
526,1185,3240,C+
527,782,802,C+
528,17,2916,C+
529,1158,266,B
530,1564,3198,B+
531,595,168,C+
532,1956,1730,F
533,277,1548,D
534,717,3578,B
535,136,3498,B
536,1754,1652,B
537,667,962,F
538,1201,1686,A
539,1654,2152,A
540,565,3012,B+
541,1898,3350,F
542,1557,568,F
543,1842,3142,D
544,1453,698,B
545,1555,2302,B+
546,281,2486,B+
547,1611,1168,A
548,1704,1048,B
549,578,964,C+
550,1962,2714,B+
551,269,2908,C+
552,1700,1722,F
553,790,3140,C
554,319,1204,D
555,233,2666,A
556,1738,414,F
557,1788,798,B+
558,706,2078,B
559,903,1372,A
560,146,2368,C+
561,1180,2918,C+
562,1415,3560,F
563,1572,514,B
564,1433,1498,A
565,468,2212,A
566,898,732,B
567,545,1858,C
568,1412,2170,C
569,301,3686,B
570,1859,1496,B+
571,1387,3336,F
572,1510,1962,C+
573,1366,536,B
574,1392,2082,D
575,1365,3320,D
576,1215,1818,C+
577,319,586,D
578,1560,292,A
579,893,726,C
580,1751,3732,B+
581,909,174,C
582,83,1032,D
583,714,3414,C
584,390,3498,C
585,87,2594,C
586,384,748,A
587,798,204,F
588,153,2912,A
589,1350,2360,B
590,379,72,B+
591,1335,1962,F
592,122,734,F
593,565,3312,F
594,1064,994,B
595,757,3930,C
596,221,3418,F
597,481,1584,B
598,320,186,B+
599,1138,2274,B+
600,76,1112,B+
601,1886,2614,D
602,1517,2736,A
603,702,2886,C+
604,1847,2944,B
605,740,496,A
606,1884,2864,D
607,711,2290,B+
608,1816,3334,B
609,358,2088,D
610,1169,1330,B
611,564,1410,F
612,942,3382,A
613,1173,996,B
614,1343,3296,B
615,1082,2244,A
616,134,1986,A
617,1703,3300,C+
618,413,1776,C
619,981,3352,F
620,164,2046,F
621,338,3968,D
622,1588,3950,A
623,6,310,C
624,921,1426,D
625,307,1332,B
626,1968,1348,F
627,711,178,F
628,1158,3256,C+
629,166,1226,C+
630,1476,1628,C
631,1257,1324,B+
632,1391,2454,F
633,88,3690,A
634,666,2194,B+
635,1099,1666,A
636,418,2258,F
637,1145,3278,A
638,88,3600,C+
639,1256,2706,A
640,28,3086,C
641,66,2346,D
642,1477,2542,B+
643,775,2794,C+
644,68,1334,A
645,1741,146,D
646,1003,976,B+
647,132,448,F
648,1135,758,C
649,999,1196,B+
650,1858,3426,A
651,608,602,B+
652,971,2330,B
653,1549,1634,C
654,213,1878,C
655,1793,1020,C
656,1078,3844,B+
657,1632,972,C
658,900,3114,B
659,736,1396,C+
660,1749,2016,F
661,1007,1196,B+
662,1827,218,F
663,1468,3556,A
664,734,1164,C
665,1346,1734,C
666,952,2352,C
667,1025,1958,C
668,1713,2930,D
669,171,3174,C+
670,402,2392,C+
671,277,1638,B
672,483,544,B
673,298,2454,C
674,15,3658,D
675,159,1700,A
676,27,734,B
677,401,3510,C
678,565,2578,A
679,543,1756,B
680,1175,1414,A
681,117,1808,D
682,1538,2044,B+
683,194,3898,F
684,1197,1872,B
685,994,2738,C
686,582,3194,C
687,321,3986,D
688,1936,2480,C+
689,164,3902,C+
690,1184,516,D
691,373,1794,B
692,1334,1886,B+
693,1009,1732,B
694,274,1132,F
695,1615,2642,B
696,815,1414,A
697,1708,2258,C
698,1145,2648,B
699,1172,674,F
700,677,1944,C
701,309,3082,B
702,796,286,C+
703,1534,1822,C+
704,931,1942,F
705,317,980,C+
706,323,1572,A
707,1273,2680,C
708,405,3834,B
709,824,1346,F
710,1391,2498,C
711,616,1974,C
712,520,2430,B
713,433,3272,C+
714,232,1074,B
715,1961,1830,F
716,668,1070,B+
717,630,3346,B
718,1007,3130,C+
719,661,834,A
720,917,1880,D
721,58,1574,D
722,1216,3876,B
723,599,1476,F
724,442,2680,F
725,293,968,C
726,378,28,F
727,1584,1488,C
728,1548,2620,C+
729,1596,202,F
730,115,40,D
731,1398,22,F
732,287,2340,A
733,1738,2772,F
734,525,1534,B
735,1098,2398,A
736,278,726,D
737,545,2960,C
738,1322,3066,D
739,555,1846,B+
740,1056,2362,A
741,308,1298,F
742,1002,3574,D
743,1272,1980,F
744,415,1838,C+
745,866,1402,D
746,1029,2222,F
747,1089,2212,D
748,1102,1894,D
749,1462,3460,B+
750,645,654,B
751,526,1396,F
752,1466,2258,C+
753,83,1808,C+
754,550,1642,F
755,822,3318,F
756,1406,232,B+
757,1157,1446,C+
758,594,1048,A
759,1880,2808,C
760,1309,2512,B
761,773,3324,D
762,165,1582,D
763,1489,1346,A
764,604,2070,C
765,1462,2582,C+
766,841,456,B+
767,746,1734,D
768,971,232,C
769,565,2616,B
770,731,974,B
771,1287,634,B+
772,1345,2628,B+
773,1833,3872,B+
774,204,588,C+
775,157,3186,C
776,60,3732,A
777,883,1912,A
778,206,2116,C
779,550,180,D
780,1990,758,B
781,990,1546,F
782,716,3606,C+
783,115,282,D
784,1166,384,B+
785,22,732,C
786,1263,12,B+
787,1293,3700,C
788,916,3442,F
789,449,548,B+
790,35,988,B+
791,1693,926,F
792,1139,2426,B+
793,854,3682,D
794,1071,412,C
795,1822,3334,A
796,1049,540,B
797,733,2448,B
798,392,2792,D
799,1257,3746,F
800,1793,854,C+
801,1756,1878,B+
802,162,1072,C+
803,1141,3580,C
804,71,2548,F
805,974,1022,F
806,1350,3710,D
807,581,2186,D
808,627,2444,A
809,1316,1284,C
810,1585,3114,A
811,904,2950,A
812,1086,2962,F
813,550,3100,B
814,793,964,C
815,389,2836,C+
816,1542,1168,B+
817,1593,1796,A
818,1803,910,C+
819,1133,148,B
820,1070,1428,A
821,382,966,D
822,574,1662,B+
823,579,92,C+
824,820,3398,B+
825,1184,3020,A
826,1568,1514,F
827,1507,2240,B
828,1043,222,B
829,1853,786,A
830,966,16,A
831,111,3216,C
832,742,2544,B+
833,823,2706,A
834,278,3426,B
835,86,1928,B
836,762,2500,B+
837,1935,3942,B
838,1780,3352,A
839,816,2708,B
840,199,1578,B+
841,21,1264,F
842,45,1834,B+
843,654,554,C
844,671,2812,B+
845,1816,3062,B+
846,1507,3030,A
847,705,20,D
848,314,2522,B+
849,1445,1142,B+
850,109,1804,C
851,773,1322,C
852,1138,2106,B
853,1238,3220,D
854,644,314,B+
855,1601,360,C+
856,203,770,C
857,1258,1536,D
858,711,3700,B
859,1249,3310,D
860,1845,2734,B
861,714,1156,D
862,1070,856,C
863,14,1330,B+
864,505,3752,A
865,1622,2766,C
866,1242,140,A
867,1008,3976,F
868,1196,1878,C+
869,385,3250,C
870,1861,682,F
871,1426,3948,D
872,1385,68,F
873,1556,1918,B
874,1739,1672,C+
875,1260,2448,F
876,1478,822,B+
877,710,3718,B+
878,1942,2594,A
879,1147,2770,B
880,986,790,F
881,1529,304,C
882,799,1296,C+
883,175,3404,C+
884,1624,2254,D
885,1057,3410,B
886,1939,2442,B+
887,1942,2244,D
888,238,3062,B+
889,966,2098,B+
890,963,368,C
891,599,1818,A
892,756,2600,C+
893,1817,2644,C+
894,6,378,F
895,6,3090,F
896,1196,2220,B+
897,366,2128,D
898,1852,154,F
899,1083,442,D
900,663,1582,C+
901,868,2636,B
902,1699,1024,D
903,1860,186,C
904,763,3598,C
905,19,3126,A
906,1472,3124,C
907,1202,826,D
908,1334,2794,A
909,1850,384,B
910,1912,1324,B
911,931,3954,B
912,676,3776,D
913,39,1260,D
914,5,3512,A
915,975,398,B+
916,1362,880,C
917,1172,278,D
918,847,3220,C+
919,1063,1040,C+
920,1999,1486,A
921,1058,836,D
922,763,604,A
923,280,748,D
924,1105,2092,F
925,1463,166,A
926,1040,3702,D
927,821,938,F
928,1912,832,D
929,931,1628,D
930,387,854,B+
931,1638,3124,B
932,1067,2620,F
933,415,334,C
934,377,2920,F
935,1990,2442,B+
936,719,3630,B+
937,996,2098,B+
938,89,164,B
939,1829,2980,B
940,1207,3880,B+
941,175,2026,F
942,928,3616,C+
943,1085,386,A
944,368,2348,A
945,827,292,D
946,195,1840,C+
947,1384,2740,C+
948,66,1898,B
949,1901,3392,D
950,2000,1622,D
951,1598,1206,C
952,1602,2990,C
953,1651,2440,B
954,1752,946,A
955,931,804,B+
956,1998,3440,F
957,1803,364,B
958,812,1488,A
959,238,2442,B+
960,342,1834,C
961,947,1484,B+
962,2003,1682,D
963,138,2678,C+
964,957,678,A
965,1471,122,D
966,293,114,B
967,1836,3194,C
968,938,2424,B
969,787,2842,F
970,679,840,B+
971,1485,3614,A
972,1707,3040,C+
973,1667,2140,C
974,570,2192,D
975,128,520,C
976,474,3678,D
977,294,798,B+
978,1705,2734,D
979,604,2924,F
980,743,2974,F
981,1135,128,B+
982,446,368,F
983,919,3218,B
984,1423,3644,C+
985,1897,3582,F
986,1181,722,C+
987,1240,1532,F
988,1635,1552,D
989,1453,786,C
990,1791,898,F
991,1582,1946,C
992,1430,3116,A
993,1110,908,B
994,539,982,B
995,1318,1828,F
996,1716,270,C
997,807,3642,C
998,1693,1328,B+
999,492,194,C+
1000,1180,2652,C+
1001,98,1250,F
1002,910,1108,C+
1003,786,3860,D
1004,61,1370,D
1005,92,2996,D
1006,1112,3436,B+
1007,1102,3402,B
1008,1895,2500,B
1009,1816,3908,B
1010,185,1982,D
1011,1286,1868,B
1012,541,2060,C
1013,1009,1420,F
1014,237,2586,F
1015,412,1282,F
1016,258,130,B+
1017,364,1538,C
1018,1110,3612,B
1019,1069,1588,D
1020,1750,1854,C+
1021,450,1254,A
1022,1903,2642,B+
1023,1265,2154,B+
1024,1786,1316,D
1025,1677,1956,D
1026,1638,1878,D
1027,589,436,C
1028,1057,2842,B+
1029,1212,1764,D
1030,998,314,A
1031,1735,302,A
1032,588,624,B+
1033,967,180,F
1034,848,3290,F
1035,1504,3690,B+
1036,94,2420,B+
1037,939,3824,A
1038,442,660,A
1039,646,2848,F
1040,1026,3952,B+
1041,744,1160,D
1042,639,3258,D
1043,645,2742,F
1044,31,2730,B+
1045,357,1570,F
1046,461,3848,B+
1047,1493,1548,B+
1048,642,1114,A
1049,469,3362,C+
1050,554,170,B
1051,887,2568,A
1052,1762,3236,C
1053,1784,3908,D
1054,741,3076,D
1055,1154,2974,C+
1056,847,24,D
1057,1839,2702,B+
1058,798,764,B+
1059,1235,844,A
1060,1698,2208,F
1061,654,2816,A
1062,1925,3840,D
1063,1581,2862,B+
1064,668,2760,B
1065,435,1640,C+
1066,1161,3686,A
1067,1375,2160,D
1068,1917,3802,A
1069,1187,3576,A
1070,1500,3988,C+
1071,193,558,C
1072,247,772,B+
1073,567,3434,C
1074,274,1000,C+
1075,870,1852,C+
1076,1711,84,B+
1077,845,3514,B+
1078,92,1522,D
1079,1221,1314,A
1080,968,1684,B+
1081,1338,3816,A
1082,1585,2872,C+
1083,769,772,B
1084,1923,2746,D
1085,381,2570,B+
1086,37,2808,C
1087,679,1748,D
1088,608,3016,F
1089,273,3024,C+
1090,1671,2144,C
1091,517,1292,C+
1092,285,3362,A
1093,748,2224,B+
1094,464,1814,B
1095,1195,1686,B+
1096,672,2388,C
1097,1873,1074,C
1098,1642,3372,D
1099,1322,2918,A
1100,332,360,F
1101,1345,2078,D
1102,2001,730,D
1103,365,1146,B
1104,72,38,D
1105,823,2352,F
1106,45,3174,A
1107,1009,442,C+
1108,723,254,F
1109,753,2614,D
1110,458,1750,C
1111,602,2706,A
1112,1928,1742,D
1113,221,596,F
1114,905,584,C
1115,186,3268,C+
1116,1996,3338,D
1117,462,688,C
1118,1411,578,C
1119,1058,1322,B+
1120,157,710,A
1121,1009,3880,C+
1122,1249,1628,C+
1123,1511,24,A
1124,1666,1334,C
1125,407,1376,B
1126,991,424,B+
1127,467,426,C
1128,957,584,D
1129,1866,3078,C
1130,1302,1066,C
1131,53,40,C
1132,93,2256,C+
1133,1484,722,B
1134,512,1784,C
1135,1357,792,C+
1136,1524,3816,C
1137,1336,694,B
1138,1533,1854,B
1139,1567,3332,D
1140,415,1802,A
1141,1777,2424,D
1142,1698,658,B
1143,1457,684,C+
1144,190,1224,C+
1145,112,770,B
1146,946,3238,C
1147,1060,1922,B+
1148,1750,1676,F
1149,1699,3006,B
1150,792,442,C+
1151,787,2068,A
1152,1888,968,C
1153,1010,2088,C
1154,1829,200,C+
1155,940,3564,C+
1156,265,2458,F
1157,304,382,D
1158,763,3690,C+
1159,1246,1646,B+
1160,840,2360,B
1161,648,1590,C
1162,723,1334,B+
1163,1156,2238,D
1164,283,88,A
1165,1983,3328,C
1166,919,2514,F
1167,797,314,B+
1168,364,228,F
1169,1880,610,B+
1170,1080,198,F
1171,1729,932,C
1172,806,1784,D
1173,1509,392,A
1174,1140,2068,A
1175,1792,1314,C+
1176,1900,2396,C+
1177,1064,126,C
1178,907,1102,B+
1179,1650,2588,A
1180,513,874,B+
1181,1831,2670,D
1182,1633,1058,C+
1183,784,1178,A
1184,15,132,F
1185,824,1570,F
1186,579,2272,F
1187,203,512,D
1188,1345,3090,C
1189,1778,786,D
1190,1754,52,C
1191,1333,2188,A
1192,1037,3314,D
1193,826,1986,C
1194,1733,3548,B
1195,935,1000,D
1196,506,3666,C+
1197,1577,2654,C+
1198,699,3218,F
1199,607,2854,C+
1200,954,224,A
1201,809,870,C
1202,617,2730,C
1203,218,546,A
1204,1561,552,B+
1205,1745,1116,C
1206,1235,62,B
1207,445,1300,F
1208,361,172,F
1209,1014,1280,A
1210,1997,310,C
1211,869,684,D
1212,1487,1010,D
1213,1043,3144,C
1214,1522,2564,B+
1215,885,762,A
1216,317,1872,C
1217,1569,3620,F
1218,1894,1344,F
1219,1682,2528,B+
1220,207,3518,B
1221,524,2072,C
1222,1411,2442,B+
1223,43,1886,D
1224,1983,3878,A
1225,633,1192,B+
1226,283,1740,C
1227,1425,3188,C+
1228,384,3956,F
1229,1552,370,C
1230,340,1564,C
1231,318,552,C+
1232,1302,3578,B+
1233,309,342,A
1234,1503,3624,A
1235,464,1402,C
1236,340,1362,C
1237,1358,2866,C
1238,1991,2060,B
1239,764,1782,B+
1240,1348,1050,A
1241,652,3752,D
1242,1232,3202,C+
1243,423,682,B+
1244,299,3274,D
1245,1838,1564,C
1246,662,1400,B
1247,1865,618,F
1248,705,2986,C
1249,1715,1242,C
1250,907,540,A
1251,184,1874,F
1252,340,2100,F
1253,66,226,B
1254,1199,1048,A
1255,1524,1656,D
1256,1122,788,B+
1257,206,1144,C
1258,160,2046,D
1259,1651,66,D
1260,1012,3606,C+
1261,765,2252,C
1262,1939,3772,A
1263,967,806,B+
1264,176,1252,C+
1265,301,3950,F
1266,4,488,D
1267,158,2906,B
1268,1307,2022,F
1269,51,1208,D
1270,1661,1598,B
1271,938,1734,F
1272,1023,3904,D
1273,999,2588,B
1274,573,3808,C
1275,647,486,C+
1276,1779,2892,C+
1277,183,3844,F
1278,1123,3130,C
1279,1773,1182,C+
1280,46,3906,C+
1281,1096,2446,B+
1282,512,2744,B+
1283,1093,1,A
1284,1105,1454,B+
1285,1200,2102,D
1286,1520,1316,C
1287,1848,504,C
1288,1161,444,B
1289,173,1548,C
1290,574,672,B+
1291,1376,3134,C
1292,770,588,F
1293,372,868,C
1294,777,3072,C+
1295,866,2174,F
1296,408,2540,B
1297,261,2834,C+
1298,568,552,C
1299,1002,2984,C
1300,1132,1498,A
1301,108,1276,F
1302,919,3892,B
1303,213,3576,C
1304,8,3532,B
1305,395,2110,B+
1306,1714,856,C+
1307,21,1888,C+
1308,1999,1200,F
1309,94,2042,B
1310,463,934,B+
1311,617,2598,D
1312,1792,1528,B
1313,914,3144,B+
1314,140,3812,F
1315,1977,2868,C
1316,1043,930,D
1317,1731,1580,D
1318,695,3192,A
1319,491,1476,B+
1320,970,2792,B+
1321,69,3444,F
1322,44,140,B
1323,1404,2222,C+
1324,1222,704,D
1325,1488,3772,A
1326,481,3404,A
1327,995,880,A
1328,966,120,B
1329,1167,3142,A
1330,976,2296,B
1331,415,2486,D
1332,1677,196,A
1333,419,3028,A
1334,1059,2574,A
1335,1322,1756,B+
1336,577,996,C+
1337,209,3380,C
1338,246,710,C+
1339,2002,762,F
1340,933,554,F
1341,400,1136,B+
1342,1176,1774,D
1343,370,1616,A
1344,1680,2802,A
1345,1115,1572,A
1346,192,1910,D
1347,1975,2748,A
1348,1369,1162,C
1349,444,2056,B+
1350,861,700,A
1351,866,3288,B
1352,583,90,C
1353,1524,616,C+
1354,1197,1106,F
1355,551,1154,C+
1356,1272,14,D
1357,1426,836,B
1358,15,3526,A
1359,27,1676,B
1360,1923,1034,C+
1361,314,572,C
1362,382,1528,A
1363,1024,2356,F
1364,1781,892,B
1365,99,490,C+
1366,186,786,A
1367,225,2374,B
1368,545,2986,B+
1369,1007,3102,D
1370,1545,2128,C+
1371,1468,724,C
1372,844,3994,B
1373,482,278,D
1374,1615,2806,C+
1375,1309,930,C+
1376,69,422,A
1377,555,2642,D
1378,1286,1014,C
1379,234,104,B+
1380,340,1190,F
1381,1256,1570,D
1382,373,1782,B+
1383,1048,592,A
1384,1349,734,F
1385,1545,3124,C+
1386,990,420,B
1387,442,3642,F
1388,1231,1668,D
1389,1087,12,D
1390,511,1130,B+
1391,942,2004,B+
1392,1634,450,C+
1393,535,1736,B+
1394,447,2192,D
1395,224,3570,B
1396,879,3554,D
1397,287,834,F
1398,130,3602,F
1399,1050,1268,C
1400,312,3330,C
1401,160,1100,C
1402,687,282,C
1403,1680,3166,D
1404,687,2016,F
1405,889,438,B+
1406,122,3252,A
1407,85,3300,B
1408,1340,564,A
1409,176,222,B+
1410,482,3928,B
1411,175,1556,D
1412,158,1172,B+
1413,1423,1886,C+
1414,1014,710,C
1415,606,1444,A
1416,1518,1956,F
1417,866,2856,B+
1418,518,1348,C
1419,1416,3792,B
1420,1687,2144,F
1421,90,304,D
1422,1191,420,B
1423,1049,3448,B
1424,275,2616,C
1425,139,56,B+
1426,1642,144,B
1427,1309,2172,B+
1428,1771,2744,B
1429,1555,1808,B+
1430,52,644,B
1431,1668,3304,C+
1432,1637,308,B
1433,334,3198,D
1434,1663,1218,C
1435,1293,2976,B
1436,896,260,F
1437,1966,272,B
1438,1533,1566,B
1439,1758,788,F
1440,751,192,C+
1441,658,2398,A
1442,1752,3302,F
1443,1364,608,C+
1444,1745,3522,A
1445,1706,1222,A
1446,1076,794,C
1447,315,1282,A
1448,1965,1184,F
1449,332,3210,C+
1450,1073,1952,C+
1451,589,2876,C+
1452,1277,2138,A
1453,301,344,C+
1454,504,2190,C+
1455,1895,3024,A
1456,1974,758,A
1457,1437,3810,C+
1458,34,1034,F
1459,250,2822,F
1460,293,1772,C+
1461,107,2648,C
1462,1184,636,F
1463,108,1774,F
1464,94,2486,D
1465,692,1240,C
1466,132,2988,C+
1467,1742,1062,F
1468,653,3764,A
1469,1080,3018,C+
1470,831,706,C
1471,309,1492,B+
1472,25,1410,D
1473,256,850,B+
1474,662,2836,D
1475,88,1158,D
1476,1262,856,F
1477,1307,1918,C
1478,1472,3414,A
1479,35,1918,C+
1480,1132,2342,D
1481,963,2122,C
1482,1396,3092,B+
1483,189,2232,F
1484,1582,1062,B
1485,1343,1288,D
1486,1055,1124,F
1487,1461,696,B+
1488,1445,3008,D
1489,1645,1318,D
1490,591,304,B+
1491,353,2322,A
1492,1799,2754,C
1493,1701,3650,B
1494,1732,222,A
1495,295,3838,A
1496,334,3638,C
1497,1585,986,B
1498,335,2270,B+
1499,460,1572,F
1500,1753,2190,B+
1501,309,468,C
1502,1505,122,D
1503,1248,988,A
1504,1550,2830,F
1505,301,1450,C
1506,78,3120,D
1507,1259,3532,B+
1508,1046,1294,B
1509,751,1580,B+
1510,571,330,D
1511,495,3460,B+
1512,2000,588,C+
1513,72,2900,D
1514,1895,1910,C
1515,332,3670,D
1516,1338,2782,F
1517,1649,3924,C
1518,152,1398,C+
1519,1812,3876,D
1520,1869,3210,D
1521,1251,2222,B
1522,772,2704,B+
1523,1192,1642,A
1524,161,2464,B+
1525,1534,2910,B+
1526,1698,2830,B+
1527,441,234,C+
1528,901,2800,D
1529,1030,3612,B
1530,1417,2224,F
1531,1267,2988,B+
1532,1480,262,D
1533,1321,284,A
1534,1767,1694,B
1535,110,624,C
1536,1652,830,B
1537,1665,3684,C
1538,937,1142,F
1539,260,338,D
1540,1141,502,C+
1541,1192,3418,F
1542,1546,1028,A
1543,654,1690,C
1544,1946,502,A
1545,325,1202,C
1546,358,2182,C+
1547,1437,68,D
1548,1126,766,B
1549,1114,2534,A
1550,795,3862,B+
1551,1159,1312,C+
1552,1038,2226,A
1553,1031,610,A
1554,879,1310,A
1555,11,682,C
1556,1593,730,F
1557,1854,316,D
1558,1158,1560,B
1559,943,2920,A
1560,1526,310,C
1561,1437,532,D
1562,570,856,B
1563,1163,2810,F
1564,1202,1270,A
1565,1857,472,D
1566,1640,1264,B
1567,847,2906,D
1568,1497,554,C
1569,1726,2718,B
1570,1243,1892,C
1571,411,3856,F
1572,1236,2628,C+
1573,1591,1262,B+
1574,39,2762,F
1575,950,304,B+
1576,76,3368,D
1577,485,858,A
1578,1063,1072,C+
1579,193,310,D
1580,71,968,B
1581,680,1492,F
1582,745,444,C
1583,1567,3280,B+
1584,1728,2774,C
1585,461,3010,F
1586,1115,3504,D
1587,580,3314,A
1588,513,1696,B
1589,1871,2372,B
1590,1084,3832,B
1591,1616,94,A
1592,166,3722,B+
1593,244,2984,C
1594,1359,500,B+
1595,1356,2416,D
1596,1783,3878,F
1597,1156,3094,B+
1598,921,3480,B
1599,936,3116,B+
1600,1065,238,A
1601,531,766,B+
1602,1735,2562,A
1603,69,536,B
1604,75,154,F
1605,1393,3022,C
1606,449,2866,F
1607,836,1768,C+
1608,852,2928,B
1609,93,2500,B
1610,1037,3206,F
1611,957,2824,C+
1612,1717,2468,B+
1613,1710,2442,B+
1614,254,10,D
1615,976,1276,A
1616,51,3326,B
1617,845,3978,F
1618,339,3232,C
1619,1156,1138,A
1620,38,3196,B+
1621,1115,822,A
1622,1302,1044,C
1623,545,1054,B+
1624,1708,2420,B
1625,444,1012,B+
1626,793,3592,D
1627,1945,2004,F
1628,1865,2380,F
1629,603,2648,D
1630,1836,10,F
1631,112,614,B+
1632,1638,2032,C+
1633,602,1346,A
1634,1969,54,D
1635,325,2694,B+
1636,42,2068,D
1637,228,366,D
1638,111,2892,F
1639,256,3170,B
1640,1827,2754,C+
1641,257,908,B
1642,1417,1288,A
1643,171,736,C
1644,1274,3122,B+
1645,1138,2412,C
1646,1200,1724,D
1647,1560,3036,A
1648,1315,1704,C+
1649,129,572,C+
1650,81,3708,B+
1651,1714,2298,F
1652,955,838,A
1653,1936,3498,F
1654,94,3724,B+
1655,587,2992,A
1656,705,3042,B+
1657,988,384,A
1658,226,58,C
1659,1209,788,F
1660,136,1124,B
1661,1647,1054,A
1662,1970,3402,C
1663,1461,1436,F
1664,254,1000,F
1665,1306,266,C+
1666,1292,1760,C
1667,561,2232,C+
1668,114,3574,C
1669,1805,1488,C+
1670,1860,456,A
1671,685,3314,F
1672,904,3008,C
1673,1357,866,B+
1674,60,1922,B
1675,1139,2060,B
1676,494,3514,B
1677,1007,2608,B
1678,1512,4002,F
1679,1115,2306,A
1680,389,3872,B+
1681,615,1396,D
1682,1468,382,D
1683,416,252,F
1684,311,472,B
1685,402,2508,F
1686,1731,1356,C
1687,461,2228,B+
1688,1215,640,C
1689,1532,3062,B
1690,1321,3514,F
1691,1532,1702,A
1692,335,3832,C+
1693,1632,2346,A
1694,1249,3704,C+
1695,1276,1146,B
1696,1380,966,B+
1697,1322,3440,C
1698,1560,3406,C+
1699,502,2114,B
1700,389,222,B
1701,971,2890,C
1702,1458,832,C
1703,136,3410,C+
1704,1671,332,F
1705,245,1524,F
1706,614,3084,B
1707,846,174,D
1708,1186,260,F
1709,641,1104,F
1710,1591,416,A
1711,1693,556,C+
1712,939,1200,C+
1713,1661,3606,C
1714,725,690,F
1715,544,694,D
1716,854,468,B+
1717,1069,2134,B+
1718,1290,2950,B
1719,364,804,C+
1720,875,1116,B+
1721,1863,2286,C
1722,1843,3836,B+
1723,874,282,A
1724,1404,1020,F
1725,423,604,B
1726,1245,3912,C+
1727,702,532,B
1728,738,3548,C+
1729,275,2978,F
1730,866,1084,C+
1731,359,1266,A
1732,1945,3848,B+
1733,554,3618,B
1734,116,90,C
1735,1525,2490,C
1736,1102,3502,C
1737,748,2544,A
1738,1101,3408,B+
1739,1271,1186,A
1740,272,2614,C+
1741,897,2832,A
1742,1245,3756,C
1743,569,1614,B+
1744,1299,1546,F
1745,1847,754,C
1746,860,3516,B
1747,1248,900,A
1748,341,1118,B+
1749,904,1164,C+
1750,1325,940,A
1751,802,1676,D
1752,522,3766,B
1753,1530,624,B+
1754,1578,1902,D
1755,140,1524,C+
1756,1161,1280,C
1757,1030,3728,F
1758,638,3306,C
1759,949,1780,C+
1760,1685,404,B
1761,706,944,D
1762,1629,3992,A
1763,290,1416,D
1764,565,2570,B
1765,34,2436,C
1766,36,172,B
1767,1836,2598,A
1768,125,1180,C+
1769,1525,1098,F
1770,1411,332,A
1771,1910,678,D
1772,546,952,C+
1773,1951,3012,F
1774,244,378,A
1775,529,2046,A
1776,831,3006,F
1777,273,3416,B+
1778,826,1194,C+
1779,640,3090,B
1780,1200,1984,C
1781,365,1426,F
1782,215,182,C+
1783,441,540,B
1784,295,2170,C
1785,42,3272,C
1786,1382,3230,B
1787,1471,3492,F
1788,694,1784,B
1789,1626,798,F
1790,211,3858,B
1791,372,1478,D
1792,1179,3992,D
1793,766,1282,B+
1794,124,2906,F
1795,707,3828,A
1796,564,3106,C
1797,1869,566,C
1798,466,2882,F
1799,203,462,D
1800,731,2552,B+
1801,1613,3436,A
1802,1600,3418,A
1803,706,1016,D
1804,888,1786,B+
1805,1551,1194,F
1806,336,3182,D
1807,443,1846,F
1808,439,2344,F
1809,1396,1712,C+
1810,797,2334,F
1811,1931,216,C+
1812,750,2250,B+
1813,1489,2478,B+
1814,568,2780,C
1815,1769,1224,C
1816,1608,1542,F
1817,1687,3434,B+
1818,1197,3776,F
1819,1010,572,F
1820,1067,4000,C+
1821,1727,3684,B
1822,496,110,F
1823,1850,2700,A
1824,158,2206,A
1825,316,1350,C
1826,370,2948,C
1827,1381,864,D
1828,1433,3564,D
1829,844,462,A
1830,1837,3292,C
1831,1419,2976,B
1832,1683,662,A
1833,345,1164,D
1834,400,3250,C
1835,1773,3852,C+
1836,663,2678,D
1837,1045,3412,F
1838,1554,1350,A
1839,1511,720,B
1840,1074,182,A
1841,708,3486,B
1842,1936,108,B
1843,1550,134,C+
1844,103,2406,B
1845,1370,1606,B+
1846,1957,3566,A
1847,1219,774,A
1848,1047,1238,A
1849,679,1692,B+
1850,1137,936,D
1851,1259,2148,F
1852,1,1738,D
1853,772,290,C
1854,193,746,B+
1855,502,3622,B+
1856,3,968,B+
1857,1616,1346,B
1858,1546,2014,D
1859,870,38,D
1860,1059,3640,B
1861,1357,66,B+
1862,1946,470,B+
1863,878,3604,F
1864,1026,1826,F
1865,1511,1520,B
1866,1907,3866,F
1867,1719,3950,D
1868,948,2102,A
1869,534,2562,C+
1870,1701,3674,B
1871,1141,1814,A
1872,701,678,A
1873,288,768,B
1874,1952,1356,C
1875,480,1290,B+
1876,1297,1322,C+
1877,570,818,F
1878,1129,3994,F
1879,675,2880,C+
1880,147,1728,B
1881,1218,674,F
1882,1721,1730,F
1883,692,412,C
1884,93,2556,F
1885,1028,378,A
1886,1535,3258,C+
1887,195,56,B+
1888,570,652,B+
1889,689,3726,F
1890,949,2814,B+
1891,1883,1510,C
1892,220,898,C+
1893,963,546,D
1894,1319,1352,B+
1895,1930,1220,B
1896,486,2914,A
1897,1031,2334,B
1898,1261,1138,F
1899,1279,1444,A
1900,926,760,A
1901,299,1978,C
1902,1766,1700,D
1903,1937,3652,D
1904,949,3748,F
1905,252,500,C
1906,621,268,A
1907,1822,2000,A
1908,1415,212,D
1909,993,3438,A
1910,612,300,D
1911,208,1748,A
1912,1399,2920,D
1913,806,782,B
1914,1810,160,F
1915,1474,1088,D
1916,1431,1314,A
1917,1166,2142,F
1918,1565,2662,F
1919,1242,172,D
1920,231,368,C+
1921,1848,1062,D
1922,363,1522,B
1923,382,3618,F
1924,71,2532,C+
1925,237,1180,C+
1926,1107,2096,A
1927,928,1588,D
1928,107,2202,A
1929,161,3102,B
1930,1935,3452,F
1931,1953,2544,A
1932,636,164,D
1933,1964,2674,C
1934,1377,196,B+
1935,1186,2582,B+
1936,1453,2942,C+
1937,555,3560,F
1938,155,3244,C
1939,1988,1132,C
1940,1627,2956,D
1941,679,680,B
1942,910,36,C+
1943,1429,3024,B+
1944,1587,1158,B
1945,700,428,C+
1946,397,1864,C+
1947,244,3530,D
1948,1516,1994,B+
1949,45,2592,C
1950,1242,220,F
1951,1816,2250,A
1952,1206,3950,C
1953,1960,1708,C+
1954,1823,2606,F
1955,1396,1630,B+
1956,406,2494,B+
1957,1699,914,F
1958,1317,3412,A
1959,1249,788,A
1960,87,2226,F
1961,89,2548,D
1962,1558,2242,B
1963,1036,1486,B+
1964,1542,3400,B+
1965,1706,1538,A
1966,801,3260,F
1967,814,778,B+
1968,163,3464,A
1969,301,1026,C+
1970,1344,1820,C
1971,1720,3496,C+
1972,1984,308,A
1973,864,2020,C+
1974,1587,2502,C
1975,1711,2058,C
1976,946,3414,C+
1977,1376,1166,B
1978,123,70,F
1979,1095,3484,C+
1980,93,2720,F
1981,1466,38,B
1982,1299,128,D
1983,428,246,F
1984,799,1876,C+
1985,944,2700,F
1986,614,166,D
1987,1096,3812,A
1988,238,3292,F
1989,1630,1250,C
1990,1922,30,A
1991,1543,1810,B
1992,1382,3994,C
1993,407,1570,C
1994,1778,1382,C+
1995,911,2830,B+
1996,1815,1494,D
1997,353,1868,B+
1998,1187,448,D
1999,1129,172,C+
2000,343,342,B
2001,99,3530,C+
2002,1460,214,F
2003,863,1956,A
2004,207,4045,A
2005,2230,730,B
2006,46,6338,B
2007,4909,6841,B
2008,1651,1462,C+
2009,1199,5774,B+
2010,3142,1974,C
2011,4362,2734,C
2012,2156,6355,C+
2013,3157,1562,B
2014,1687,4891,B+
2015,4124,2272,C+
2016,4415,6317,D
2017,4178,4890,A
2018,3173,5386,C
2019,1989,1806,D
2020,2668,1338,B+
2021,3365,3260,F
2022,1217,5975,C+
2023,1999,6971,B
2024,373,5956,F
2025,576,5680,D
2026,42,6449,B+
2027,3277,2610,F
2028,735,4626,A
2029,40,6924,D
2030,1787,5238,D
2031,4505,4054,B
2032,3003,6989,C+
2033,4449,1054,F
2034,4928,1504,B+
2035,811,2692,C+
2036,2499,2358,F
2037,3099,4129,B
2038,2642,3898,C
2039,1270,5826,B+
2040,4135,3046,F
2041,1582,5340,B+
2042,2982,186,B
2043,2262,5800,B+
2044,3949,1360,D
2045,3560,6308,B
2046,811,1836,D
2047,1179,3364,F
2048,3935,3038,C+
2049,3267,1770,B
2050,4676,3540,F
2051,3263,6670,A
2052,2042,6658,F
2053,2148,4144,B
2054,2904,5628,B
2055,2419,3682,B+
2056,2516,6767,C
2057,3330,6786,B+
2058,652,3392,F
2059,1810,4769,A
2060,4464,6969,F
2061,692,2220,A
2062,3,4282,B
2063,1826,5219,B
2064,2967,4178,F
2065,281,6258,B
2066,2038,5203,B
2067,628,4587,C+
2068,2081,2752,C+
2069,2199,4267,B
2070,596,5086,B
2071,2785,3050,A
2072,2261,6850,A
2231,1767,2584,C
2232,2518,2980,C+
2233,368,4873,C
2234,391,1458,C+
2235,468,5085,D
2236,613,4170,D
2237,2298,4845,B+
2238,2328,528,D
2239,4600,6109,C+
2240,1313,1906,D
2241,2206,3182,B+
2242,627,420,D
2243,1674,2642,A
2244,1161,6340,B+
2245,426,4273,B+
2246,1664,6527,F
2247,3112,5857,B
2248,1465,4080,F
2249,1846,5474,B+
2250,628,6860,D
2251,2969,5918,C+
2252,1097,1214,B+
2253,3857,5346,B+
2254,495,5759,B
2255,4261,4380,B
2256,2704,1514,C
2257,1926,2338,F
2258,491,3500,C+
2259,2741,4596,B
2260,3861,5244,C
2261,1394,6076,F
2262,443,4142,F
2263,1637,476,B+
2264,4688,6204,C
2265,3373,504,C+
2266,2284,3838,B
2267,4327,5501,D
2268,1960,4375,A
2269,2131,6497,C
2270,895,4086,B+
2271,3400,906,B
2272,4287,6656,B
2273,2445,6678,B
2274,902,3212,C
2275,2010,4217,A
2276,4841,6567,F
2277,2078,2788,C
2278,1747,6449,B
2279,4904,5494,C+
2280,2988,5952,A
2281,2197,2108,B
2282,4682,6198,C+
2283,1445,4697,C
2284,1381,6341,F
2285,3953,4020,B
2286,4785,3884,A
2287,4179,4310,F
2288,3643,2432,A
2289,903,996,F
2290,3006,1046,B
2291,3587,1400,C+
2292,2253,6169,C
2293,1813,5868,B
2294,1467,6846,F
2295,441,846,C+
2296,2799,1388,D
2297,461,3858,C
2298,2665,6132,A
2299,352,5150,B+
2300,4692,4670,A
2301,2832,6647,C
2302,1818,1560,F
2303,2521,1310,C
2304,4105,6148,C+
2305,1815,1696,C
2306,2492,4932,A
2307,4023,1816,C+
2308,658,4399,C
2309,3834,4241,D
2310,3314,1666,C+
2311,643,1820,B+
2312,3797,5635,F
2313,4221,4424,A
2314,1184,1930,C+
2315,799,2558,C+
2316,110,6283,D
2317,3643,6977,F
2318,175,3070,D
2319,3645,5309,C
2320,2266,5276,D
2321,4723,5994,B
2322,3185,5647,A
2323,378,2536,A
2324,527,5111,D
2325,4241,5969,F
2326,3478,6278,D
2327,2723,10,C+
2328,1852,5281,A
2329,4770,4258,B
2330,1937,2628,A
2331,3313,4176,A
2332,2314,4679,B
2333,3982,4249,C+
2334,3860,1762,A
2335,1948,4350,B
2336,3249,2828,A
2337,1777,4606,C
2338,1289,6419,B+
2339,3101,280,A
2340,1615,3762,B+
2341,1480,124,B
2342,2109,6479,B+
2343,3622,6121,C
2344,1126,6739,A
2345,2106,6264,B+
2346,1444,2532,F
2347,590,1288,C+
2348,4909,6772,D
2349,1824,4753,A
2350,744,6670,B+
2351,2513,1846,C
2352,713,6480,B
2353,109,5981,B
2354,2596,2632,B
2355,1540,5163,C
2356,2016,4284,F
2357,3117,2172,C+
2358,3514,864,C+
2359,4634,6714,C+
2360,1849,6416,A
2361,669,6614,D
2362,3898,6094,D
2363,1940,6773,C
2364,1600,192,F
2365,3608,4828,C
2366,2499,2592,D
2367,430,4242,F
2368,3988,6380,A
2369,2729,5847,B+
2370,1933,4790,A
2371,2786,5402,F
2372,4950,6214,B
2373,1350,686,C+
2374,562,4647,C
2375,3681,5955,C
2376,1605,3398,B+
2377,611,1508,D
2378,3089,544,C
2379,2471,4100,C+
2380,3616,4196,F
2381,1079,6417,D
2382,1514,5957,A
2383,4779,874,C
2384,2191,6086,D
2385,235,1988,B+
2386,921,1928,C
2387,1904,6807,B+
2388,887,4770,C
2389,3881,6831,C+
2390,669,4292,D
2391,3659,5193,C
2392,1609,5982,B
2393,4037,5764,A
2394,1916,5814,C
2395,3738,5919,F
2396,107,3284,B+
2397,4050,4052,B
2398,7,4393,C
2399,3521,2818,F
2400,687,3546,F
2401,323,6940,B
2402,2452,5053,F
2403,2765,4199,A
2404,4066,6648,C
2405,4847,4009,D
2406,305,5788,C+
2407,3119,5161,B
2408,2388,3082,B
2409,3782,6368,F
2410,2419,2146,B+
2411,1724,1402,C+
2412,2553,2484,D
2413,785,3172,F
2414,4240,374,C+
2415,229,5761,C+
2416,1475,1060,B
2417,2253,6733,B
2418,4415,3880,B
2419,2718,4997,B+
2420,3210,5284,D
2421,4830,6594,D
2422,1120,278,B+
2423,2648,168,F
2424,635,1198,C+
2425,1024,4670,A
2426,4198,5352,B
2427,1487,4302,B+
2428,4991,4927,B+
2429,244,1318,D
2430,3470,2446,B+
2431,4710,4092,A
2432,3136,5210,A
2433,1490,1594,C+
2434,318,6569,C
2435,3498,5237,B+
2436,4869,5088,C+
2437,4961,642,F
2438,557,6765,A
2439,4661,5579,C
2440,3368,262,A
2441,2490,1620,C+
2442,2424,2410,F
2443,1548,4791,C+
2444,4603,3164,D
2445,403,5508,A
2446,2663,4787,C
2447,1957,6718,C
2448,669,4826,B
2449,1464,6212,B
2450,3853,6601,F
2451,5,4975,C+
2452,1919,930,B+
2453,1652,4808,A
2454,4740,4918,B
2455,745,6918,B+
2456,2689,6472,C+
2457,663,10,B+
2458,3358,58,C
2459,2814,4583,B+
2460,3015,4801,D
2461,1867,5392,C
2462,1251,4516,D
2463,2659,2698,D
2464,4915,6516,F
2465,4625,5897,B
2466,2719,4498,F
2467,1956,3746,F
2468,2244,4776,C
2469,4333,6331,C
2470,3082,6130,B+
2471,3958,4206,D
2472,4289,4613,C+
2473,2731,3332,F
2474,111,4799,C+
2475,725,550,A
2476,3809,5300,B+
2477,2648,3774,D
2478,992,6713,C+
2479,1049,3692,C+
2480,801,6762,C+
2481,1666,4137,C+
2482,4009,4997,D
2483,3423,5659,A
2484,4036,610,A
2485,806,5737,C
2486,4765,6963,C+
2487,884,4481,D
2488,271,5115,B
2489,404,272,D
2490,2962,272,F
2491,2786,1574,A
2492,3689,5264,F
2493,4760,6174,C
2494,4846,74,C
2495,3711,2454,B
2496,1413,4790,D
2497,3501,958,C+
2498,1552,3952,B
2499,405,2162,B+
2500,1088,5515,A
2501,4173,1518,B+
2502,1457,5116,C+
2503,4102,364,F
2504,2656,5476,F
2505,1172,4781,C+
2506,2852,6689,C
2507,30,5584,F
2508,1832,5320,A
2509,880,4374,C
2510,3949,5839,C
2511,2089,6645,D
2512,2656,1228,A
2513,3841,6285,B+
2514,2431,5599,C
2515,517,2142,D
2516,2041,6790,C+
2517,1027,4104,D
2518,1666,6850,A
2519,811,6028,A
2520,2698,6915,A
2521,1185,4967,B
2522,532,564,C
2523,1096,4809,F
2524,4694,2998,C
2525,638,3272,B+
2526,455,4397,D
2527,3309,4530,D
2528,1203,3686,B
2529,1161,4366,D
2530,672,3984,C+
2531,3739,5665,B+
2532,2949,4109,A
2533,3517,5049,C
2534,788,5669,C
2535,1691,912,D
2536,4591,5235,B+
2537,2384,5631,B
2538,1856,410,F
2539,1722,6623,A
2540,195,5097,D
2541,2713,6553,C
2542,646,780,C+
2543,4062,6014,A
2544,2206,1730,F
2545,2711,5196,C
2546,3774,6984,F
2547,4572,3530,D
2548,2220,6937,F
2549,3133,48,D
2550,829,6590,C+
2551,2260,6958,A
2552,2915,814,D
2553,4912,3684,B+
2554,2403,2886,C
2555,4771,2216,C
2556,2118,6561,D
2557,2949,6612,B+
2558,134,6760,C
2559,4130,5577,B+
2560,3946,1546,B
2561,1854,1570,B+
2562,2507,5434,F
2563,3657,4419,C+
2564,4513,1026,F
2565,1625,5946,D
2566,1922,6730,C+
2567,3455,5775,F
2568,4103,5771,D
2569,2094,5504,F
2570,1629,5629,D
2571,2017,870,B+
2572,1250,5292,D
2573,3763,4318,F
2574,946,6766,F
2575,4396,5921,C
2576,3366,4103,B
2577,2052,132,A
2578,1846,3386,B
2579,1105,4798,C
2580,772,700,B+
2581,2588,4276,C+
2582,3799,3966,F
2583,2812,4566,D
2584,3104,2944,D
2585,4322,4891,B
2586,1449,6896,C+
2587,1080,5712,C+
2588,3157,5861,F
2589,2387,2854,C
2590,3980,4244,C
2591,1962,1714,F
2592,935,6081,D
2593,4185,5760,F
2594,2292,4461,C+
2595,2604,2470,D
2596,173,4462,B
2597,2367,6799,F
2598,209,6325,F
2599,1367,5991,F
2600,2217,4485,A
2601,2928,930,D
2602,1040,2904,F
2603,4985,2854,B
2604,3751,4820,C
2605,1212,4383,D
2606,3501,2890,B
2607,3489,3934,C+
2608,4393,3786,B
2609,3943,3332,A
2610,3269,4437,F
2611,1903,6668,A
2612,2116,1,A
2613,3095,1890,B+
2614,671,3032,C
2615,236,5310,D
2616,891,5747,F
2617,2781,5903,B+
2618,3743,4762,A
2619,541,4526,F
2620,4635,3014,A
2621,3213,6271,A
2622,4464,5719,C+
2623,3034,4362,A
2624,980,6763,A
2625,2316,2400,F
2626,3631,1904,C
2627,1290,1662,B+
2628,781,5166,C
2629,1534,5961,A
2630,2186,2796,F
2631,2832,2814,C+
2632,2717,5918,D
2633,1548,532,A
2634,1597,5067,F
2635,4092,1594,B
2636,2286,6536,F
2637,4133,3298,F
2638,1254,1306,F
2639,4927,5318,C+
2640,3227,5045,D
2641,2520,5663,D
2642,3464,6022,C+
2643,3662,4704,F
2644,1577,5586,B+
2645,4575,6347,C
2646,4282,5944,F
2647,2825,4133,D
2648,3514,3550,B+
2649,3255,2436,D
2650,2245,5802,D
2651,2356,5381,A
2652,1024,3686,B
2653,1523,3052,C
2654,2707,4330,B
2655,2295,6976,C
2656,3756,124,A
2657,208,2940,F
2658,523,5905,C
2659,386,1458,C+
2660,4004,4397,C+
2661,2668,6586,A
2662,2121,5735,A
2663,2557,652,C+
2664,1657,3060,A
2665,4106,5283,C+
2666,150,6235,B+
2667,2236,2452,A
2668,1748,6613,B+
2669,3446,1550,B
2670,2511,314,B+
2671,3576,4948,C+
2672,1553,4773,C
2673,790,4823,A
2674,1425,5255,A
2675,1186,5105,A
2676,904,6093,D
2677,1264,5762,C
2678,2710,1352,B+
2679,4826,5444,C+
2680,1295,4408,C+
2681,2167,2400,B+
2682,2422,5147,B
2683,1898,1176,C
2684,4769,4183,B
2685,4306,6761,B+
2686,4461,462,D
2687,3879,2552,C
2688,4290,4907,A
2689,1512,1530,B+
2690,273,5905,F
2691,714,4728,C+
2692,4330,6663,C+
2693,1525,5900,A
2694,4429,3342,C+
2695,3062,4260,F
2696,3654,6855,F
2697,2376,6935,B
2698,197,6227,D
2699,2496,5669,F
2700,1965,4450,F
2701,1502,5102,F
2702,1080,5065,C+
2703,3546,5042,A
2704,3977,2110,F
2705,3475,3434,C+
2706,15,3436,B+
2707,4950,6737,D
2708,2829,450,F
2709,2868,2642,B+
2710,1589,6713,D
2711,1249,4925,C+
2712,419,5997,F
2713,1814,5150,A
2714,2461,542,C
2715,2063,690,C
2716,2804,1672,C+
2717,2361,4186,B
2718,4048,6233,B+
2719,3964,6791,B
2720,3613,6026,C+
2721,3824,5874,B
2722,2672,3352,A
2723,2142,1618,A
2724,619,1968,F
2725,2670,4843,F
2726,876,636,A
2727,4831,4683,C
2728,36,1476,A
2729,2956,1076,A
2730,808,5021,F
2731,2884,4586,A
2732,2437,6981,C+
2733,774,4927,B
2734,2458,5311,C
2735,831,6508,B
2736,3180,5764,A
2737,3413,4295,B
2738,3363,5195,D
2739,3096,460,B+
2740,2990,5012,B
2741,3467,6899,B+
2742,3650,6145,B
2743,1362,2620,C+
2744,884,1614,B+
2745,119,2946,B+
2746,2821,14,D
2747,4007,2132,D
2748,667,1268,B+
2749,1371,5184,A
2750,4431,408,C+
2751,2605,550,C+
2752,8,6162,A
2753,590,3648,B+
2754,1416,5072,F
2755,3984,184,A
2756,2944,6991,C
2757,429,4858,C+
2758,715,6569,F
2759,1280,4161,C
2760,433,1602,D
2761,3941,4065,A
2762,2597,6942,C+
2763,4602,6879,C
2764,1627,5627,B+
2765,1421,6485,C+
2766,2864,50,F
2767,4769,5291,C
2768,3986,1516,D
2769,1270,92,C
2770,652,6301,C
2771,2490,6417,F
2772,74,5477,B+
2773,3271,3152,A
2774,4386,550,F
2775,1774,706,C+
2776,989,1534,D
2777,776,6798,C+
2778,3177,6758,A
2779,114,258,D
2780,2386,5706,B+
2781,3465,4407,F
2782,2504,6286,A
2783,4915,3822,D
2784,1881,6636,B
2785,2952,2738,B
2786,4881,4772,C
2787,2052,564,B
2788,4856,5065,D
2789,3301,1424,F
2790,2430,38,B+
2791,356,2274,B+
2792,2376,5261,B+
2793,4005,6783,B+
2794,2573,6245,C
2795,4500,6685,A
2796,2179,2574,C
2797,3444,2532,C+
2798,1428,5874,C+
2799,12,6194,A
2800,703,6317,C+
2801,3545,6213,B+
2802,1637,3190,A
2803,2095,5813,C
2804,4856,1574,B+
2805,1944,506,B
2806,2185,1,C
2807,1115,3128,C
2808,4363,4203,B
2809,1479,5311,C+
2810,160,2818,C
2811,1873,4409,F
2812,845,5473,C
2813,3861,2050,C
2814,2071,1272,C
2815,2565,4014,A
2816,2197,4634,A
2817,1610,5369,A
2818,680,4401,F
2819,598,3814,B
2820,198,5790,B+
2821,318,4888,B+
2822,2566,5549,A
2823,3917,5203,C
2824,2066,5661,C+
2825,3789,2768,B+
2826,3457,4528,C+
2827,1718,3684,D
2828,367,6658,F
2829,692,3542,B+
2830,372,38,B
2831,4953,3166,B
2832,1479,4922,B
2833,280,2356,D
2834,4639,4923,F
2835,2967,3138,B
2836,4103,5006,F
2837,4798,6404,D
2838,2820,4170,A
2839,2378,6790,D
2840,1278,3988,A
2841,737,3528,B+
2842,3833,4558,C
2843,4102,6427,C
2844,2160,1836,D
2845,2151,6553,F
2846,2945,5694,A
2847,1738,2328,B+
2848,504,4863,A
2849,1400,5735,F
2850,4675,4089,F
2851,3261,4876,F
2852,1404,3978,C+
2853,2642,4812,C
2854,2391,3718,F
2855,1892,1672,C
2856,4202,832,C
2857,2764,5736,F
2858,653,1092,C
2859,1218,292,D
2860,2178,4878,B+
2861,2217,5940,A
2862,2218,1562,C+
2863,1972,1188,F
2864,3945,2784,A
2865,2905,2972,D
2866,4484,3462,D
2867,4362,6741,C+
2868,1040,6055,B+
2869,1653,1978,A
2870,3846,4506,A
2871,319,536,C+
2872,3666,4553,F
2873,4055,1986,F
2874,1084,6907,B
2875,4909,5149,D
2876,1435,4551,C
2877,4361,4274,B
2878,4107,944,B+
2879,3521,2804,A
2880,2473,4228,A
2881,2481,356,B
2882,1967,3,C
2883,2602,6080,C+
2884,3646,6826,A
2885,3730,3794,F
2886,4280,996,F
2887,1925,6143,B+
2888,682,1776,B+
2889,571,5186,C+
2890,3503,6173,B
2891,4092,1238,B+
2892,1351,6188,D
2893,2657,5614,B+
2894,365,5971,D
2895,1796,2902,F
2896,3175,1232,F
2897,1862,5921,B
2898,233,2008,C+
2899,1374,4583,C+
2900,4742,4454,B+
2901,2491,3730,F
2902,3429,2986,B+
2903,3350,1706,B+
2904,3988,5014,B
2905,4209,2374,B+
2906,2234,1244,C+
2907,4282,5703,B+
2908,3391,886,B
2909,3027,4664,C+
2910,214,5698,B+
2911,2738,6968,C+
2912,4104,6006,D
2913,3328,5872,B
2914,758,6053,F
2915,516,1208,A
2916,2245,1386,C+
2917,3520,960,B+
2918,2931,6316,C+
2919,1096,6824,F
2920,4965,6371,A
2921,950,5248,F
2922,2134,1712,C+
2923,362,6508,A
2924,60,5015,A
2925,2611,1184,A
2926,213,5422,B+
2927,1905,6534,B+
2928,3823,6527,C
2929,3001,3944,F
2930,2337,4478,B
2931,3547,5769,F
2932,2451,5462,D
2933,906,4560,B+
2934,4771,6377,D
2935,4795,4214,D
2936,2178,138,D
2937,3750,4160,C
2938,1268,6172,A
2939,4801,5665,D
2940,2560,5582,C
2941,874,6173,F
2942,656,5505,F
2943,4616,5738,D
2944,4743,4147,B
2945,2962,5183,B+
2946,109,5193,A
2947,3618,5493,C+
2948,2071,1618,A
2949,4052,6084,B+
2950,1573,2468,B
2951,1905,1626,F
2952,3878,6645,F
2953,431,6162,A
2954,466,210,D
2955,3051,1032,D
2956,3240,786,F
2957,2736,2348,F
2958,937,1268,A
2959,2711,4699,A
2960,158,4846,C
2961,2205,4863,C
2962,4859,1726,A
2963,3952,474,B+
2964,4924,4251,C+
2965,4435,6566,B
2966,4303,1662,B+
2967,4665,882,B+
2968,2909,5789,B+
2969,2245,5075,C+
2970,664,1850,C
2971,87,6092,F
2972,1763,4299,C
2973,2479,4529,A
2974,2100,6370,C+
2975,2751,6545,C
2976,4799,6607,D
2977,4489,6112,A
2978,1269,6561,A
2979,182,6208,F
2980,2920,4791,F
2981,3205,6958,A
2982,1105,6121,C+
2983,1380,3518,C
2984,790,5547,B
2985,4247,2926,B
2986,194,4269,C+
2987,1055,584,A
2988,1313,6918,C+
2989,2977,4030,F
2990,720,2384,C+
2991,1898,1152,A
2992,1456,6905,F
2993,4761,6975,A
2994,605,6459,F
2995,3941,5929,D
2996,708,4784,B+
2997,4748,384,B
2998,3743,1222,B+
2999,4051,3966,F
3000,4852,4734,B
3001,1768,3386,B+
3002,269,4685,C+
3003,4837,4369,A
3004,279,1322,F
3005,294,6622,B+
3006,4479,4332,A
3007,2028,6983,A
3008,4724,1230,F
3009,3576,4643,A
3010,1010,3344,B+
3011,1277,5776,B+
3012,319,2668,B
3013,638,6447,D
3014,4701,3704,B
3015,440,6862,A
3016,914,4139,F
3017,1876,2536,C
3018,4221,2152,F
3019,1664,4127,A
3020,4061,6873,C+
3021,4957,6997,B
3022,3671,4393,B+
3023,3954,5542,F
3024,376,3976,A
3025,1135,964,D
2073,1676,6243,C
2074,3021,5673,F
2075,4228,5796,C+
2076,1599,6101,C
2077,3963,4359,C
2078,1669,5982,C+
2079,433,6865,C
2080,2397,2414,C+
2081,1581,5347,A
2082,4597,5234,D
2083,2681,5667,C
2084,1347,5801,B+
2085,2182,4120,C+
2086,3056,4114,C+
2087,1446,6331,F
2088,2225,5008,A
2089,1378,4224,B+
2090,3140,5654,C+
2091,2966,5423,C+
2092,2867,5866,F
2093,2832,764,F
2094,3070,6955,D
2095,37,5821,F
2096,1677,3602,C+
2097,4507,3046,C+
2098,1716,6334,D
2099,4165,2256,D
2100,3245,6144,B
2101,4312,4932,F
2102,871,5648,B+
2103,554,3654,A
2104,4807,5980,D
2105,4967,2854,C+
2106,230,5644,F
2107,4047,458,F
2108,3531,378,B+
2109,2949,5302,C
2110,3816,4590,B+
2111,677,334,B+
2112,431,4974,F
2113,3356,4487,A
2114,1489,6283,D
2115,3564,3858,C+
2116,4966,354,F
2117,4119,3176,C
2118,4433,536,D
2119,3294,4250,A
2120,1250,2502,F
2121,592,4525,F
2122,1479,4407,C+
2123,1235,1668,A
2124,113,5640,F
2125,1581,2836,C
2126,1354,1114,C+
2127,509,1190,D
2128,3291,5790,C+
2129,4883,3734,A
2130,1706,1892,C+
2131,2489,246,F
2132,162,4398,C+
2133,1507,5751,C+
2134,4670,6147,C+
2135,3418,4177,B
2136,4103,1002,B+
2137,1992,5859,D
2138,245,6275,C+
2139,3707,5781,D
2140,1744,1248,D
2141,3994,5442,B
2142,23,3214,F
2143,475,6235,D
2144,1674,74,C+
2145,4025,6576,B
2146,2272,3110,F
2147,2736,1574,A
2148,1885,3536,C+
2149,1724,6771,B+
2150,1127,6295,F
2151,3711,2488,A
2152,246,6328,B
2153,1238,4340,C+
2154,1779,5020,D
2155,2079,6150,F
2156,4447,4366,C+
2157,72,6665,F
2158,1068,4621,B
2159,2766,6288,C+
2160,4139,5365,B
2161,581,5834,C+
2162,1726,2010,B
2163,1268,6916,C+
2164,3040,5372,A
2165,2807,1200,C
2166,1829,5239,F
2167,3683,3068,F
2168,442,3444,C+
2169,4620,5607,B+
2170,3447,5312,F
2171,4739,6654,B+
2172,3309,542,B
2173,2546,6102,C
2174,4140,6557,B
2175,1985,4704,C
2176,2932,5408,C+
2177,1989,4571,F
2178,689,6557,C+
2179,4105,3354,B+
2180,4796,5040,B
2181,2721,4875,C
2182,4634,4564,A
2183,948,5506,C
2184,2567,6914,B
2185,3596,3896,B
2186,1806,5640,C+
2187,387,2146,A
2188,768,6736,D
2189,1230,6139,C+
2190,297,4577,B
2191,249,2614,D
2192,360,1200,F
2193,2724,6820,A
2194,2847,3094,A
2195,3971,4987,C+
2196,3872,1166,A
2197,4751,2352,B
2198,458,2902,C+
2199,3550,2306,D
2200,1992,4052,C+
2201,4233,1262,B+
2202,4473,4605,C+
2203,2955,2246,C+
2204,225,6823,B
2205,3114,2998,D
2206,2956,3902,B+
2207,2127,5789,A
2208,2194,2722,D
2209,2205,2280,C+
2210,1126,2238,C+
2211,4061,1988,A
2212,2139,5171,C
2213,3732,4079,B+
2214,1243,3226,B+
2215,1384,4671,D
2216,4205,6225,D
2217,4289,6426,A
2218,4162,6172,D
2219,4271,3900,D
2220,348,6311,B
2221,213,5148,B
2222,2307,4370,F
2223,4849,5826,D
2224,758,6687,C
2225,3858,4462,C+
2226,863,1794,C+
2227,4618,3540,B+
2228,1383,6066,C+
2229,134,2044,B
2230,2436,3686,D
3026,4530,2174,D
3027,175,6159,B+
3028,1562,4680,D
3029,3250,2736,C
3030,3295,6960,A
3031,2285,4061,D
3032,4690,4726,A
3033,1300,1476,C
3034,4083,5659,A
3035,3243,5074,C
3036,4994,794,B+
3037,740,2696,C+
3038,678,3724,B
3039,2098,4485,B
3040,422,4263,C
3041,519,6675,B+
3042,902,74,B
3043,1998,276,B+
3044,3781,4464,F
3045,3509,1540,F
3046,2319,4706,C
3047,2122,5066,B+
3048,1496,6638,C+
3049,4530,6688,C+
3050,724,5110,B
3051,3449,5898,D
3052,1797,3608,F
3053,3082,2196,D
3054,634,1630,B+
3055,160,3320,C
3056,3069,1064,F
3057,3167,6380,C+
3058,595,4458,B+
3059,4083,5522,B+
3060,3946,2122,B
3061,2256,4772,A
3062,2492,6355,A
3063,1320,6869,B
3064,2683,6065,B+
3065,3447,2132,C+
3066,365,3430,A
3067,1944,2836,D
3068,2869,2800,F
3069,2351,1512,D
3070,2880,5198,C
3071,4136,3594,C
3072,4816,5356,F
3073,4748,680,A
3074,4278,2502,B+
3075,1513,6889,D
3076,144,1150,D
3077,2770,3662,F
3078,359,6399,B+
3079,3735,5526,B
3080,3291,4997,A
3081,4117,5455,C+
3082,1317,3686,A
3083,3191,5671,F
3084,4496,1804,C+
3085,3196,5615,F
3086,1026,3844,C+
3087,4556,1626,D
3088,3739,4327,D
3089,3987,5092,C
3090,3173,4292,C
3091,4708,4070,C+
3092,4488,2508,A
3093,715,28,C
3094,2363,4895,B+
3095,1481,2848,A
3096,3791,5038,C+
3097,41,5217,F
3098,413,5981,C
3099,920,2298,C
3100,288,5503,A
3101,1132,4238,D
3102,189,5074,A
3103,4475,6692,D
3104,479,4335,C
3105,1313,2472,D
3106,1692,2004,A
3107,3584,1486,B+
3108,3914,444,F
3109,2579,3636,B+
3110,3736,3936,B+
3111,3080,6658,A
3112,1564,382,A
3113,691,6882,B
3114,4905,4207,F
3115,2640,1350,C
3116,4127,4947,C+
3117,206,5075,C
3118,4985,4281,C+
3119,4002,6022,B+
3120,4248,5614,D
3121,1642,1274,C+
3122,565,3270,B+
3123,532,5396,D
3124,2155,6796,F
3125,2548,3500,F
3126,1830,4839,B+
3127,512,2596,B
3128,4745,4815,B+
3129,319,5796,B
3130,895,5152,B+
3131,4849,5485,C+
3132,1906,3976,C
3133,953,4184,D
3134,3616,6806,A
3135,183,3588,A
3136,1836,6787,F
3137,4195,4739,D
3138,4201,3668,A
3139,796,4168,D
3140,1585,4990,C
3141,965,4769,C+
3142,3088,2370,B+
3143,2646,2894,F
3144,3659,4992,A
3145,286,5015,B
3146,2264,1656,C+
3147,1375,6758,C
3148,1021,2114,B
3149,4852,2866,C
3150,1571,5905,C+
3151,526,4380,A
3152,16,844,B+
3153,4814,6732,B
3154,2940,1750,B
3155,64,5022,B+
3156,1471,2898,B
3157,1840,6265,C+
3158,921,2650,C+
3159,4618,280,F
3160,688,6052,D
3161,1078,1782,B+
3162,2874,290,D
3163,1285,5964,F
3164,977,4850,C+
3165,2694,4322,A
3166,4624,4519,F
3167,905,2112,C+
3168,2657,326,B
3169,3917,3952,B+
3170,3276,5843,D
3171,4528,2502,B
3172,1848,2760,C
3173,344,5743,B
3174,2099,5199,C+
3175,910,24,B
3176,2233,3360,B+
3177,2773,358,C+
3178,4364,6426,C
3179,1497,3836,C+
3180,1495,6929,B
3181,1364,5312,B
3182,2220,4668,B+
3183,1283,4181,C+
3184,5001,3308,B+
3185,3763,3448,B+
3186,3227,4512,F
3187,343,2976,B
3188,2393,6578,C+
3189,1332,5154,D
3190,4177,6888,B
3191,4691,6198,B+
3192,4397,2400,D
3193,3002,5680,B
3194,168,5999,C+
3195,4683,6478,B
3196,1298,2728,B
3197,4310,4760,F
3198,2051,4789,C+
3199,424,5606,C+
3200,2074,5726,C
3201,3375,368,B+
3202,2314,6815,D
3203,4724,4575,F
3204,4063,4814,A
3205,460,4839,D
3206,4718,4016,A
3207,2486,3540,B+
3208,4887,2322,D
3209,678,4281,B
3210,1648,384,F
3211,4802,3592,F
3212,1891,5176,D
3213,805,5631,F
3214,4451,3220,C
3215,3578,4806,D
3216,921,4212,C
3217,3307,6964,A
3218,1248,6159,A
3219,1952,4397,F
3220,4551,5627,A
3221,493,6291,F
3222,1471,6228,A
3223,4029,4101,B
3224,1275,4345,F
3225,1932,4442,F
3226,3201,6610,D
3227,1986,5466,C+
3228,3642,3540,C
3229,3990,730,F
3230,1129,5893,C
3231,2696,6227,A
3232,4514,4986,C+
3233,1669,3774,C
3234,1917,4904,B+
3235,4281,1968,A
3236,3304,6454,B+
3237,1864,5158,D
3238,1080,3012,C
3239,2301,5506,D
3240,847,3670,B+
3241,4936,4839,F
3242,3312,4986,B+
3243,3609,4495,A
3244,3250,634,C+
3245,3463,3728,B
3246,2950,584,B
3247,1522,5094,B+
3248,3370,2904,B
3249,4954,5900,D
3250,2544,356,B+
3251,1435,4707,A
3252,3259,2400,B
3253,2977,4093,D
3254,2760,4510,C+
3255,1535,3550,C+
3256,1197,6257,C
3257,270,6229,C+
3258,3980,1718,C
3259,3576,116,B+
3260,169,4278,D
3261,2646,6359,F
3262,3576,6576,C+
3263,2879,786,C+
3264,4167,2736,A
3265,619,6766,C+
3266,4863,1640,B+
3267,3330,4564,C
3268,1707,3852,A
3269,26,6305,C
3270,184,4427,B+
3271,4296,62,B+
3272,4284,4567,C
3273,3998,2964,C+
3274,1587,5756,B+
3275,496,6233,B+
3276,4015,4963,B+
3277,3350,5194,C
3278,3972,3366,C+
3279,191,966,C+
3280,817,5722,B
3281,41,2328,B
3282,910,3902,D
3283,3139,4283,A
3284,1015,4668,B
3285,2976,5586,F
3286,721,6024,C
3287,4504,3342,D
3288,440,4792,B
3289,827,6177,D
3290,4602,1226,F
3291,1363,6770,C
3292,4787,1830,B
3293,2465,1726,D
3294,2414,5745,B+
3295,471,4553,B
3296,140,2952,F
3297,781,3870,C
3298,3411,6067,B
3299,914,4095,F
3300,1635,1528,B
3301,1910,3990,B+
3302,2826,3238,B+
3303,166,4973,D
3304,2261,6985,D
3305,4294,4739,D
3306,2527,724,A
3307,4658,6523,B+
3308,328,6670,B
3309,4210,5902,C+
3310,1405,2154,C
3311,2659,5769,C
3312,3759,2548,F
3313,2871,6115,D
3314,1673,6284,C
3315,2095,5352,A
3316,4528,6938,B+
3317,968,212,B
3318,4134,6777,B+
3319,2113,2308,B
3320,730,1394,C+
3321,2490,5847,B
3322,3063,5135,A
3323,758,6245,C
3324,3059,462,C
3325,1867,5842,B
3326,713,1988,A
3327,1889,4223,A
3328,957,4686,C+
3329,1687,6627,D
3330,2175,6016,D
3331,3421,5976,C+
3332,1400,2582,B+
3333,3960,7005,F
3334,3941,1488,C
3335,2556,4913,B
3336,1560,5014,D
3337,2133,646,F
3338,4666,3236,C
3339,3382,3824,B
3340,2096,5163,B+
3341,3702,5969,C
3342,4030,4693,C+
3343,4614,2820,B
3344,4030,4649,F
3345,4147,6339,B+
3346,1939,5616,C
3347,3440,2504,C+
3348,1230,5703,F
3349,3821,1410,B+
3350,936,2210,F
3351,4965,1710,A
3352,380,6511,A
3353,1031,5005,B+
3354,2264,1290,C+
3355,842,6679,B
3356,337,5223,B+
3357,2815,3842,C+
3358,3555,3432,C+
3359,2847,5578,B+
3360,1561,2562,A
3361,1788,6979,A
3362,3750,6147,C+
3363,475,2084,C
3364,182,3162,C
3365,616,4212,D
3366,4744,5647,B
3367,4537,1110,F
3368,182,4211,B
3369,483,4184,A
3370,2754,4417,F
3371,1373,4426,C
3372,3969,4538,B
3373,1103,1892,A
3374,485,1396,A
3375,1349,2836,C+
3376,26,2108,A
3377,3760,6483,D
3378,4083,982,B
3379,364,6186,C
3380,2183,2736,D
3381,881,6355,B+
3382,1401,1226,F
3383,4206,860,B
3384,1787,4923,C+
3385,1484,5331,B+
3386,552,6461,C
3387,401,6249,A
3388,1986,6304,C
3389,3288,3480,B
3390,1195,5114,F
3391,4033,4274,B
3392,3164,4178,F
3393,2999,3516,C+
3394,4330,3878,B+
3395,581,3456,C
3396,162,4119,F
3397,1486,2334,A
3398,1791,6583,C+
3399,1778,1886,B+
3400,4349,4282,A
3401,1119,5950,B
3402,1407,3364,C
3403,3836,2924,F
3404,2518,3340,D
3405,3885,5355,C+
3406,3358,4827,C
3407,902,2136,C+
3408,258,4546,B+
3409,3741,2402,D
3410,1128,3886,A
3411,2109,2112,D
3412,3100,430,B
3413,3843,4417,A
3414,195,2696,C+
3415,3182,6101,F
3416,1914,878,D
3417,4610,4428,C+
3418,2561,5843,B
3419,1335,6050,A
3420,4848,5896,A
3421,3237,6082,F
3422,2008,1928,B
3423,4743,3120,B
3424,2561,670,B+
3425,3255,4179,F
3426,4902,3060,B
3427,1263,4146,F
3428,3007,4419,D
3429,2127,848,D
3430,95,6045,D
3431,4676,4093,F
3432,2000,5148,C
3433,3465,5123,C+
3434,3117,6291,C
3435,4644,5053,A
3436,4249,6054,A
3437,163,760,C
3438,4253,1260,B
3439,2130,692,F
3440,1018,5340,D
3441,2827,2666,D
3442,749,6164,A
3443,1764,6343,F
3444,3913,5866,F
3445,3633,2206,C
3446,4359,5004,F
3447,1481,4329,B
3448,2458,4036,A
3449,1820,1004,C+
3450,803,4819,B
3451,4204,3178,F
3452,4468,764,B
3453,4859,5455,F
3454,2960,4416,D
3455,2565,4993,A
3456,649,2690,D
3457,330,5624,B+
3458,1909,114,C
3459,3765,5571,C
3460,3779,5445,C
3461,3588,4089,F
3462,4737,298,B
3463,4091,5037,C
3464,4683,4554,B+
3465,383,5932,A
3466,1861,1470,D
3467,4847,270,B
3468,290,4357,F
3469,3218,6383,B+
3470,2870,5832,C+
3471,3482,6321,D
3472,538,5150,A
3473,3394,6518,C+
3474,4377,5695,F
3475,4124,6138,B+
3476,152,6045,C+
3477,2205,6291,C
3478,464,4183,C
3479,4596,4584,F
3480,2790,650,B
3481,3232,6211,D
3482,3346,4688,D
3483,2545,392,D
3484,966,62,C+
3485,3541,1364,C
3486,4067,906,A
3487,4151,6448,F
3488,2429,5008,A
3489,4007,5030,F
3490,3737,836,B
3491,2541,5970,B+
3492,911,5477,C
3493,1125,5360,F
3494,2684,3026,C
3495,866,4278,D
3496,1276,3414,B+
3497,2407,730,B+
3498,4565,6695,C
3499,2492,3734,B
3500,1226,5589,C
3501,1041,668,B
3502,4598,426,C
3503,1868,6028,C+
3663,3824,5605,B+
3664,4855,2694,C+
3665,3727,5140,A
3666,3677,5776,A
3667,1753,498,D
3668,4350,1670,D
3669,4016,6049,D
3670,4110,1756,B+
3671,803,4340,D
3672,4805,3204,C
3673,3618,3128,D
3674,1379,5981,F
3675,828,3132,B+
3676,1037,94,B
3677,57,6176,B+
3678,1531,5678,C+
3679,4079,4607,A
3680,1284,3520,B+
3681,877,2754,C+
3682,2133,5974,A
3683,3258,4008,C
3684,4145,2418,A
3685,2759,1874,B
3686,1547,320,C+
3687,4325,2062,D
3688,3227,3292,B
3689,1565,3936,B+
3690,1314,4950,A
3691,204,5854,F
3692,118,5396,D
3693,4331,5486,B+
3694,943,6685,B+
3695,3917,1678,C+
3696,3918,5215,B
3697,4190,6107,B
3698,1470,1104,F
3699,1206,4285,C
3700,2419,2466,B+
3701,398,6856,D
3702,1312,6506,B
3703,2742,4814,B+
3704,280,1632,B+
3705,4395,4607,B
3706,3691,1890,A
3707,1679,1148,C+
3708,3177,4683,A
3709,1450,4263,F
3710,1498,5999,B
3711,3229,5093,B
3712,834,5738,B
3713,1839,4037,B+
3714,636,1112,F
3715,3443,4613,D
3716,682,4790,C
3717,1199,930,A
3718,2515,1242,C+
3719,3611,5558,C+
3720,1255,960,F
3721,671,6629,B+
3722,3147,5899,B
3723,2765,6495,C
3724,3974,1960,C
3725,1755,4265,C
3726,4926,6523,B
3727,378,2310,B+
3728,278,6125,D
3729,893,4855,A
3730,1666,4768,F
3731,3490,1246,B
3732,84,3768,A
3733,882,2524,C+
3734,2195,3456,B
3735,3666,5443,C
3736,4010,6068,D
3737,226,186,D
3738,3466,5748,B
3739,2249,6681,B+
3740,2879,5108,B+
3741,3863,6017,B+
3742,4285,558,F
3743,1245,6502,F
3744,449,4618,F
3745,1644,2178,F
3746,4335,2704,C+
3747,2052,3550,F
3748,3194,5393,B
3749,1317,3374,B+
3750,3117,2000,B
3751,1977,2952,C+
3752,4175,2634,B+
3753,4821,2954,A
3754,262,5984,B
3755,3884,5687,D
3756,22,6807,F
3757,275,1840,C
3758,4701,5709,B+
3759,2159,4647,F
3760,2628,3982,A
3761,2436,5650,B+
3762,1010,4207,C+
3763,548,4270,D
3764,3892,5993,C
3765,3045,2878,B
3766,701,3064,B+
3767,329,5917,C+
3768,4865,2818,C+
3769,3263,4637,C+
3770,4367,4257,B+
3771,290,106,C+
3772,2078,5107,A
3773,123,6086,F
3774,2838,4924,F
3775,793,1462,B
3776,216,6827,A
3777,4256,5383,B+
3778,4332,412,B
3779,4916,3808,A
3780,1306,5257,F
3781,4214,5434,D
3782,186,5717,B
3783,1132,6898,C
3784,2652,2622,A
3785,3645,3542,B+
3786,1067,5412,C+
3787,452,2750,F
3788,1712,5584,F
3789,542,4058,B
3790,4140,514,C+
3791,1183,3032,C
3792,1284,5266,F
3793,132,4784,D
3794,112,1390,C+
3795,4528,6689,D
3796,4569,1794,A
3797,699,5626,B
3798,654,476,A
3799,3159,6302,C
3800,3584,1356,C
3801,4566,6212,B+
3802,1297,6259,A
3803,2075,1820,F
3804,3727,3564,D
3805,821,6730,D
3806,3027,226,C
3807,119,5871,D
3808,1704,5779,A
3809,4991,5954,F
3810,899,1260,B+
3811,3928,6300,D
3812,2460,5845,B+
3813,1680,2022,B+
3814,2405,118,C+
3815,73,5907,C
3816,4119,1410,C
3817,2709,2426,D
3818,2251,4316,A
3819,3134,5369,D
3820,1830,1974,B
3821,2329,3864,F
3822,2475,6230,B
3823,561,3182,B+
3824,1309,6903,B+
3825,4848,5501,B
3826,1331,6492,B
3827,2826,3208,B+
3828,4333,2492,A
3829,2461,6998,A
3830,3972,6640,B+
3831,805,5392,C+
3832,954,6386,D
3833,3470,736,B+
3834,1385,1142,B+
3835,2411,5976,D
3836,1781,1358,C+
3837,1618,4226,B+
3838,4496,572,A
3839,3508,6721,A
3840,3109,6965,F
3841,910,690,B
3842,4585,5317,F
3843,2382,5168,D
3844,3468,1964,A
3845,1293,2130,F
3846,4277,1854,C+
3847,2116,6074,F
3848,2534,4877,B
3849,2658,5515,C+
3850,4941,3828,F
3851,1166,5276,B
3852,2348,4654,D
3853,2657,6292,A
3854,2040,6247,A
3855,4301,2766,D
3856,2220,620,A
3857,4345,4068,B+
3858,3109,6385,B+
3859,398,6891,C+
3860,2043,2866,B
3861,3922,4621,A
3862,1166,5885,C
3863,435,6112,C+
3864,3425,948,B
3865,4091,6316,D
3866,1386,1652,B+
3867,2758,4432,C
3868,1496,3684,A
3869,4775,6927,D
3870,3217,2196,C
3871,1326,4290,B
3872,898,6574,D
3873,3301,1018,D
3874,3296,4624,A
3875,2936,1130,F
3876,3911,5440,C
3877,2115,5195,A
3878,3379,6991,F
3879,4339,890,F
3880,4900,3302,D
3881,1092,5882,C
3882,3047,4267,A
3883,3180,5149,A
3884,4087,922,C
3885,778,5415,C
3886,3249,4449,A
3887,1904,3776,A
3888,3637,5739,C
3889,3660,1964,A
3890,3154,6501,B+
3891,321,6227,C+
3892,4529,6651,D
3893,4981,620,D
3894,1228,6882,C
3895,2278,3714,C+
3896,4871,2320,A
3897,2262,3422,F
3898,1695,2812,C
3899,2817,2862,B+
3900,4882,550,B+
3901,2401,1508,B
3902,1902,5088,B+
3903,1372,4706,F
3904,2987,5021,C
3905,3606,2704,F
3906,945,6686,A
3907,3998,4242,D
3908,1930,4296,F
3909,2916,5389,F
3910,865,82,D
3911,301,4724,D
3912,3962,5547,D
3913,3620,3228,D
3914,1334,6196,D
3915,2783,4836,B+
3916,3328,5065,C+
3917,1515,6733,D
3918,129,1564,C+
3919,1470,6094,F
3920,4492,5021,F
3921,1744,496,B+
3922,2068,750,B+
3923,2708,1950,D
3924,4613,5216,B+
3925,18,988,F
3926,4187,4122,C+
3927,2080,4337,C+
3928,3895,5332,A
3929,216,2160,C+
3930,1709,4755,D
3931,1037,6210,F
3932,3552,5347,A
3933,67,6118,C
3934,1635,6467,A
3935,3512,6507,B
3936,4765,1348,A
3937,199,3508,C+
3938,3967,310,C
3939,4308,1334,F
3940,4909,1386,A
3941,4820,6000,B+
3942,4836,4033,A
3943,2603,5374,D
3944,4544,1404,A
3945,806,5273,C
3946,2432,6962,B+
3947,2362,3740,B
3948,2466,6201,C+
3949,835,5508,B
3950,1483,3950,B+
3951,295,234,C+
3952,4081,4638,C+
3953,464,520,C
3954,645,622,C+
3955,416,2070,B
3956,1264,1924,F
3957,2710,956,D
3958,4013,5208,A
3959,571,5879,C
3960,3398,2142,B
3961,2614,2484,C
3962,642,5380,B
3963,5001,692,D
3964,4559,3334,D
3965,4276,5703,C
3966,4955,6500,B+
3967,2685,3644,A
3968,3852,6356,B
3969,1450,6692,B+
3970,2857,5789,B+
3971,2046,5224,D
3972,2797,2670,D
3973,4176,3508,D
3974,2097,1856,B
3975,1427,6286,C+
3976,297,4693,C+
3977,2111,1886,D
3978,4167,3576,C
3979,4087,4172,C
3980,3019,4984,F
3981,2545,490,B+
3982,2474,1900,B
3983,395,2464,A
3984,3369,1488,C
3985,467,6052,A
3986,2027,4702,C
3987,1420,4325,B+
3988,1096,5096,D
3989,4670,454,B
3990,2681,1832,C
3991,1139,6655,A
3992,1971,6039,B+
3993,2980,1964,C
3994,4978,5274,F
3995,624,2734,C+
3996,4535,6743,A
3997,2616,3974,F
3998,1598,4301,B
3999,420,2038,C
4000,28,4328,C
4001,2852,4707,B+
4002,3214,6516,C+
4003,4598,4509,F
4004,3044,1570,B
4005,4277,2316,C
4006,1741,6656,B+
4007,2413,6141,B
4008,3466,4038,F
4009,712,3216,D
4010,2514,6037,D
4011,4048,1622,F
4012,2936,2894,C+
4013,302,6606,C+
4014,3841,4172,F
4015,1850,462,B+
4016,3596,6435,B
4017,2294,3506,F
4018,3977,5689,F
4019,3100,6797,F
4020,4713,1064,D
4021,2913,884,C+
4022,4124,4308,B
4023,4465,4058,B+
4024,2112,1264,D
4025,1535,4480,F
4026,1542,6067,C
4027,381,4900,A
4028,807,1720,F
4029,2817,4448,C+
4030,2132,4029,B
4031,570,4757,B
4032,1149,1644,C
4033,4687,4106,B
4034,486,4427,C+
4035,1944,5935,F
4036,2222,5433,C+
4037,3831,4497,C
4038,4813,576,F
4039,1979,5620,B
4040,4296,6367,A
4041,1220,6598,C
4042,1485,6994,B
4043,4275,4984,F
4044,696,120,D
4045,2655,1554,B+
4046,1174,4967,C+
4047,3104,996,B+
4048,1481,4789,C+
4049,1844,3250,B+
4050,3672,5205,C+
4051,2961,2452,A
4052,1754,5169,C+
4053,2958,2980,B
4054,1098,1154,C
4055,12,6918,D
4056,617,1078,D
4057,3853,6689,B
4058,4387,3934,B+
4059,4516,38,B
4060,3240,3256,D
4061,1289,186,D
4062,2971,3376,F
4063,4069,6333,C
4064,3973,5962,D
4065,3927,4557,A
4066,1171,4734,A
4067,798,4726,F
4068,3878,1958,A
4069,3382,5107,B+
4070,732,6919,D
4071,1288,3468,B
4072,3628,1292,B
4073,4253,2132,A
4074,2175,1816,A
4075,3324,4645,C+
4076,3201,6288,B
4077,3807,6599,D
4078,2276,356,B+
4079,2154,494,D
4080,3989,4113,C
4081,2267,3260,A
4082,2985,4497,B
4083,3170,642,A
4084,1777,6990,F
4085,4009,6040,D
4086,3222,6431,A
4087,1315,6161,B
4088,234,6354,B
4089,2683,5309,C+
4090,1941,4874,C
4091,2234,4812,B+
4092,3223,5957,C+
4093,20,774,F
4094,4853,6312,C+
4095,1978,6804,F
4096,883,5606,B
4097,548,6364,A
4098,3259,5112,B
4099,1944,4672,F
4100,2228,4918,C+
4101,31,4257,D
4102,1967,5430,B+
4103,2806,6901,B
4104,3611,5166,A
4105,4782,1,D
4106,2751,5414,B
4107,4486,5428,C
4108,527,3706,A
4109,92,6678,C+
4110,3036,4208,B+
4111,2955,2712,C
4112,1666,1620,F
4113,4446,4009,A
4114,2941,4240,F
4115,2650,6788,B+
4116,4044,4699,D
4117,2228,4717,C
4118,1075,5892,A
4119,2065,4405,A
4120,300,1750,D
4121,2675,2806,B
4122,274,6841,D
4123,374,4621,A
4124,4212,5144,B
4125,1077,6718,B
4126,829,376,C+
4127,2301,6188,C
4128,610,6233,C
4129,3441,4858,D
4130,5,1812,B
4131,1005,2270,B+
4132,924,690,C+
4133,4526,5163,B
4134,3181,406,D
4135,3396,4890,D
4136,248,3396,A
4137,2076,1690,C+
4138,2381,6980,D
4139,2264,6381,D
4140,3922,5564,A
4141,2513,5596,B
4142,2537,294,B
4143,2618,326,C
4144,2904,4607,B+
4145,351,1546,F
4146,2937,3414,F
4147,19,5268,C
4148,16,838,A
4149,4949,668,C+
4150,532,6615,D
4151,4141,2236,D
4152,1907,5475,C+
4153,2656,4484,B
4154,347,4650,A
4155,1795,4205,B
4156,3011,2370,D
4157,3300,2660,A
4158,903,5237,F
4159,4908,5448,A
4160,3498,2864,B
4161,441,5109,D
4162,2624,5264,F
4163,1866,5098,D
4164,4587,856,C+
4165,1612,6045,B+
4166,4935,5188,C+
4167,1876,5813,D
4168,749,4071,D
4169,1325,3522,B+
4170,1298,3622,D
4171,1196,6637,D
4172,2594,4719,B
4173,1619,5608,B
4174,4498,6664,B+
4175,2060,3870,A
4176,3482,4792,B
4177,1022,624,C+
4178,4777,2206,B
4179,455,400,B+
4180,2282,2662,C
4181,1748,5294,C+
4182,4287,5118,C
4183,168,5302,A
4184,2422,6827,B+
4185,2723,1992,C+
4186,2216,4674,B+
4187,928,1644,B
4188,4643,6734,C+
4189,1352,5497,F
4190,3012,5228,F
4191,2148,2778,B
4192,3942,5402,D
4193,3433,1042,F
4194,1149,5892,A
4195,1670,6165,F
4196,966,4775,F
4197,1772,1308,A
4198,2661,1020,A
4199,1177,5878,A
4200,1326,5817,B
4201,1837,818,C
4202,363,3942,F
4203,4467,5413,F
4204,2635,3020,B
4205,1705,6816,C+
4206,3227,3404,B+
4207,4925,5791,D
4208,3823,4855,C+
4209,1888,5596,C
4210,1610,4204,B
4211,3492,6500,C+
4212,3659,6776,B
4213,4666,6010,D
4214,3712,1556,C
4215,518,4458,B+
4216,1204,6262,D
4217,1412,6676,A
4218,3802,5718,C
4219,2203,244,C+
4220,148,4569,C+
4221,980,2524,B
4222,3773,5319,C
4223,2000,6113,C
4224,3885,326,F
4225,745,5940,A
4226,3631,6162,F
4227,2683,4171,F
4228,4437,5721,C
4229,4759,2568,A
4230,4371,3168,B+
4231,2490,5191,C
4232,2866,6990,A
4233,4415,5476,B+
4234,3089,6987,B+
4235,869,2980,B+
4236,328,5442,C+
4237,4802,2166,C
4238,4655,6928,D
4239,1636,4120,C+
4240,2264,6908,C+
4241,3822,3062,B
4242,3472,2110,A
4243,2979,6890,C+
4244,1750,5464,B
4245,4038,6176,B
4246,1068,4410,F
4247,3506,5678,B+
4248,3739,5237,C
4249,4267,1274,B
4250,2980,4046,C+
4251,2519,2880,F
4252,1794,6617,A
4253,2126,6240,A
4254,4334,4205,B+
4255,4090,5974,C+
4256,2357,4009,C
4257,2410,6501,C
4258,3263,6189,B
4259,2615,4290,A
4260,4146,1544,D
4261,294,4830,C
4262,1159,2854,A
4263,2198,4424,A
4264,2167,416,F
4265,3768,6406,D
4266,4057,912,D
4267,790,4876,C+
4268,3447,946,B+
4269,4769,6488,D
4270,741,3488,C+
4271,1716,3014,D
4272,3878,5607,A
4273,3652,2228,B
4274,2342,6241,C
4275,2668,4354,A
4276,1642,1454,F
4277,2103,4788,D
4278,4917,6564,C+
4279,1027,6933,D
4280,3312,6751,C
4281,3693,5536,C+
4282,2152,5506,B
4283,211,4197,C
4284,4254,6915,F
4285,3445,1522,B
4286,3730,3612,B+
4287,3427,6513,C+
4288,1969,5801,B+
4289,1703,448,F
4290,2026,1524,C+
4291,426,6590,F
4292,2156,4730,B+
4293,2491,3218,C+
4294,1962,3088,B
4295,2318,6011,B+
4296,1788,2000,B+
4297,1171,736,C
4298,835,3338,B
4299,1989,240,C
4300,2165,4825,B
4301,3328,5849,F
4302,3422,1862,B+
4303,1399,5263,B+
4304,259,44,D
4305,2378,2106,B
4306,2091,1734,A
4307,3729,4801,A
4308,2468,1818,B+
4309,4500,2874,C+
4310,1945,6593,C
4311,3592,2618,C
4312,256,6963,B+
4313,4230,6820,A
4314,740,5087,B
4315,840,5558,A
4316,1518,5769,C
4317,976,690,C
4318,206,1160,C+
4319,3584,6124,B
4320,3253,6166,B
4321,2263,228,F
4322,3209,4651,F
4323,1425,4682,C+
4324,2158,4596,A
4325,1778,5435,D
4326,4213,6296,B+
4327,2900,5754,B
4328,545,4413,B+
4329,3166,4149,B
4330,301,5557,A
4331,4703,5216,B+
4332,1369,1446,B
4333,3329,5265,B+
4334,3080,5955,A
4335,2266,3544,F
4336,2585,3004,B
4337,2247,6825,C
4338,632,4333,D
4339,2333,5750,B
4340,555,38,A
4341,1329,5752,C+
4342,407,5899,D
4343,370,5248,C
4344,4801,6368,C
4345,4186,400,F
4346,4276,6896,A
4347,4510,5054,A
4348,1438,5540,C+
4349,3616,5396,D
4350,1030,1180,D
4351,1612,5347,D
4352,1169,3442,F
4353,2177,4629,C+
4354,865,6170,B+
4355,595,4466,D
4356,517,6787,B+
4357,4983,3246,C
4358,351,5045,D
4359,1955,5381,D
4360,733,4304,F
4361,493,1304,C
4362,4923,4238,D
4363,4723,5120,C+
4364,787,2574,D
4365,4720,4314,C
4366,1921,6679,A
4367,1216,3612,C+
4368,3038,882,B
4369,3169,4850,F
4370,2329,638,D
4371,200,714,C+
4372,725,468,B
4373,1198,2704,B
4374,3974,6675,F
4375,1148,4448,B
4376,2416,4126,C
4377,1191,964,C+
4378,2954,2668,A
4379,3647,4853,B+
4380,4297,6905,C+
4381,1956,1304,D
4382,1574,3638,B+
4383,1917,5178,C+
4384,4574,3976,B+
4385,1131,6454,C+
4386,1067,4553,C+
4387,1835,5299,D
4388,1864,554,C+
4389,2034,6464,B+
4390,4427,5859,D
4391,2070,1092,F
4392,2066,3394,B+
4393,2905,6161,B
4394,1008,2020,B
4395,57,3720,C
4396,4806,3766,D
4397,2747,2490,F
4398,4626,6242,B+
4399,4614,5686,B
4400,2987,6803,F
4401,3828,3884,F
4402,301,6060,C+
4403,3039,4562,C+
4404,1869,4027,B
4405,557,5041,D
4406,3800,752,C
4407,1834,4520,B+
4408,3668,174,B
4409,4100,4410,B
4410,2886,3844,A
4411,2466,6480,A
4412,2149,5375,C
4413,1108,3830,A
4414,2559,6499,A
4415,4526,4898,F
4416,2929,2344,D
4417,3599,356,A
4418,2784,6444,D
4419,3213,4276,A
4420,2941,2194,D
4421,4332,366,C+
4422,4903,5545,F
4423,983,1142,A
4424,3788,4049,F
4425,2122,7006,F
4426,4310,6220,F
4427,3571,6898,B
4428,1270,4334,B
4429,4516,5513,C
4430,33,36,C+
4431,3949,5887,B+
4432,1615,5117,C+
4433,4711,6145,C
4434,552,6210,C
4435,3551,614,B+
4436,616,4601,B
4437,1781,6923,D
4438,4508,6811,C
4439,3149,2386,C
4440,1445,3112,B
4441,4438,292,C
4442,4383,866,D
4443,3934,6337,C+
4444,136,4541,B+
4445,1475,3792,C+
4446,2281,6124,D
4447,309,4115,D
4448,533,726,D
4449,1858,4172,C
4450,4293,4708,F
4451,243,2650,B
4452,2910,5577,A
4453,3047,5854,F
4454,730,5779,C
4455,1412,5249,C+
4456,3690,4332,A
4457,4103,658,B+
4458,3509,4607,F
3504,2255,3438,B
3505,562,5719,A
3506,2200,5319,F
3507,785,2472,B
3508,2265,6701,B
3509,1337,4110,C
3510,4553,4183,D
3511,880,892,C
3512,1144,542,B
3513,2071,2702,C
3514,3826,6003,C
3515,865,5952,B+
3516,748,3788,C+
3517,3105,5592,B
3518,4987,6423,F
3519,1146,2658,D
3520,1774,2052,B
3521,3014,624,D
3522,2004,6093,C
3523,1934,3250,A
3524,2847,3066,B
3525,1416,6749,C
3526,4031,2972,B
3527,2267,4343,B+
3528,4852,6954,D
3529,3919,2118,A
3530,1289,6472,B+
3531,1547,6875,B
3532,4221,2682,B
3533,4700,6543,C
3534,4157,5411,D
3535,4317,3656,A
3536,4553,6920,B
3537,4677,5888,C
3538,515,6148,C
3539,1825,3788,F
3540,2194,368,F
3541,3177,2148,B
3542,4636,6394,F
3543,3615,5991,C+
3544,1893,6411,D
3545,5000,3610,A
3546,765,5219,A
3547,3045,3336,B+
3548,1041,3990,B+
3549,2877,6669,F
3550,724,2980,C
3551,4663,3822,B+
3552,1797,5064,F
3553,3238,4843,F
3554,2879,6712,B
3555,2935,3030,A
3556,1302,6288,D
3557,4409,5815,D
3558,4465,1702,F
3559,4365,6545,B
3560,3371,3102,B+
3561,1698,2640,B+
3562,2550,6500,C+
3563,1962,4012,F
3564,3939,5037,C
3565,393,1490,B+
3566,4691,3556,F
3567,1257,3736,C
3568,2548,2336,C+
3569,2413,474,D
3570,4731,1010,F
3571,1698,1534,C+
3572,317,6102,A
3573,4024,2092,A
3574,1131,94,F
3575,4777,5954,B
3576,2389,4545,C+
3577,1466,2576,C
3578,2668,5684,A
3579,1353,3250,B+
3580,2377,6020,D
3581,2320,1252,C+
3582,4582,4999,D
3583,1787,3924,C+
3584,2836,6595,F
3585,1945,6827,C+
3586,815,5585,B
3587,4141,6060,C
3588,2840,6701,C+
3589,5001,1454,C+
3590,2110,2246,F
3591,3985,5551,C
3592,1362,4589,F
3593,2515,3634,D
3594,141,1962,B
3595,2690,4799,B+
3596,1407,1774,B+
3597,1786,1696,B+
3598,1065,2772,D
3599,4867,6324,C
3600,3637,1750,B
3601,589,4721,C+
3602,887,6856,B+
3603,1586,6130,C+
3604,4401,4864,B
3605,583,4615,A
3606,1837,3580,B
3607,4678,2294,B+
3608,3887,3700,B
3609,2579,5424,C+
3610,1989,4952,A
3611,2123,6280,B+
3612,796,5712,A
3613,3423,3198,A
3614,2482,366,C+
3615,1518,4833,D
3616,3176,4511,A
3617,1703,4667,C+
3618,4662,6858,C
3619,1030,6825,C+
3620,4035,6635,B+
3621,3265,2188,A
3622,2897,4994,C+
3623,39,5836,C
3624,3165,106,C+
3625,2961,6648,B+
3626,1437,5858,C+
3627,1808,6381,C
3628,2712,5213,C+
3629,4477,6691,B+
3630,4273,5219,A
3631,1291,418,D
3632,1523,5347,B
3633,137,6652,F
3634,832,4393,A
3635,2238,4462,C+
3636,4794,5949,B
3637,46,2670,A
3638,3291,2346,A
3639,1033,3630,F
3640,466,3538,D
3641,147,6365,B
3642,560,4166,C
3643,765,4438,B
3644,2898,6681,C
3645,4329,5933,D
3646,4852,4148,A
3647,2566,6369,C+
3648,1567,372,B
3649,1357,3240,C
3650,4560,3624,B
3651,4494,4384,B+
3652,3315,98,D
3653,1446,5877,F
3654,1560,5857,A
3655,1185,4083,F
3656,4047,5718,B
3657,4445,2398,A
3658,2970,6685,D
3659,960,4370,C+
3660,3666,5280,A
3661,2512,6862,C+
3662,3819,4977,B
4459,1542,1712,C
4460,4752,5015,C
4461,2966,4374,F
4462,4899,3482,C
4463,1707,4017,C
4464,2549,5910,A
4465,677,4735,B
4466,185,4442,B+
4467,475,302,C
4468,99,5219,B
4469,862,652,D
4470,3483,2944,C+
4471,2367,652,D
4472,1440,308,C
4473,3246,2790,A
4474,1944,5318,B+
4475,2246,4484,C
4476,1666,3916,A
4477,1020,1762,C+
4478,3303,6265,B+
4479,2093,1928,F
4480,1885,510,B+
4481,2398,5575,D
4482,74,556,B+
4483,1236,5699,B
4484,852,5088,C+
4485,3859,5534,B
4486,52,6658,C
4487,3418,4802,C+
4488,2467,4914,B
4489,2532,1768,B+
4490,1472,6710,C
4491,4554,310,F
4492,2421,6879,F
4493,4112,4394,F
4494,3157,5213,D
4495,3344,6565,F
4496,106,3066,A
4497,2495,4155,B+
4498,4547,6675,F
4499,4869,5844,A
4500,2291,1134,C
4501,1061,4653,D
4502,4481,2380,C
4503,1832,6717,B
4504,324,3624,C
4505,660,2256,C+
4506,4476,6742,B
4507,1993,5857,C
4508,2572,4401,D
4509,2676,1934,B
4510,3398,6954,C+
4511,3086,3560,A
4512,334,6459,B+
4513,457,6824,F
4514,3764,6080,F
4515,4479,5529,D
4516,4947,4429,A
4517,2653,4427,F
4518,4664,3978,D
4519,3808,6703,C+
4520,2335,5118,D
4521,4615,4271,F
4522,4689,6847,A
4523,489,3880,C
4524,2500,6862,B+
4525,4625,6847,C
4526,1372,5342,D
4527,3350,3134,A
4528,4010,2874,B
4529,4032,4751,B
4530,558,1580,B
4531,1352,6935,C
4532,4180,5490,F
4533,2545,760,D
4534,206,4379,D
4535,63,5344,C+
4536,209,5354,F
4537,4325,886,F
4538,1562,6530,F
4539,1770,6324,C+
4540,2975,6615,D
4541,3945,6899,C+
4542,4303,5566,B+
4543,3443,6721,C+
4544,370,4323,C
4545,133,4895,C+
4546,4864,6257,C+
4547,4770,3490,C
4548,1809,6234,F
4549,586,4781,B
4550,917,6645,D
4551,857,3912,C+
4552,2484,3056,F
4553,4340,1602,B+
4554,3839,2666,B
4555,1983,5533,C+
4556,3903,4802,B+
4557,4221,2144,D
4558,2448,3356,B
4559,3624,902,C
4560,2611,3378,D
4561,1834,5944,C+
4562,968,5484,C+
4563,4067,5732,B+
4564,3078,1380,C
4565,125,5821,B
4566,4128,2184,C+
4567,1864,2132,C
4568,3102,936,D
4569,739,2268,B+
4570,2609,4571,F
4571,16,5082,B
4572,1502,1352,C+
4573,4609,4722,C
4574,181,918,B
4575,2046,6282,B
4576,939,5569,C
4577,875,1984,D
4578,3206,3514,C
4579,17,3424,B
4580,2196,6187,B+
4581,40,6757,C
4582,2216,4796,C
4583,1707,5637,D
4584,4116,1248,B
4585,4966,6566,F
4586,1817,6497,B+
4587,4738,1256,F
4588,1829,5724,A
4589,1209,2804,D
4590,3220,3228,B
4591,2138,5130,B+
4592,5002,1022,C+
4593,3287,3752,C
4594,4945,1310,D
4595,189,4691,C+
4596,2311,218,A
4597,470,5034,D
4598,2969,2624,B
4599,3876,608,C
4600,106,4728,B
4601,927,5057,D
4602,957,672,B+
4603,4931,4813,A
4604,4742,3690,D
4605,182,4466,C+
4606,1548,4508,A
4607,495,2424,F
4608,2653,5108,A
4609,1891,6523,B
4610,292,2996,B
4611,2157,5165,D
4612,3448,3474,C
4613,1922,6254,D
4614,1869,6415,D
4615,915,3318,C+
4616,2921,4751,B
4617,3201,3836,A
4618,2574,252,B+
4619,2099,1346,F
4620,3883,1730,B+
4621,4999,4076,B
4622,1835,2410,A
4623,1393,4252,C
4624,3677,5732,A
4625,2345,5598,C
4626,825,5830,D
4627,4084,3558,B+
4628,2036,6821,F
4629,1893,1894,B
4630,2509,6662,C
4631,2902,2102,B+
4632,1399,2600,B
4633,2015,5154,C
4634,4261,2058,B
4635,1419,6882,C+
4636,2490,4665,F
4637,2957,6571,F
4638,4016,5477,B+
4639,4159,5235,B+
4640,855,6328,C
4641,298,4197,F
4642,2047,664,D
4643,813,2066,C+
4644,1640,4644,B
4645,1841,5950,B+
4646,4586,1194,D
4647,3215,1554,C
4648,2334,3688,F
4649,4075,5936,D
4650,4668,4153,B
4651,2974,8,F
4652,3217,6047,A
4653,3741,4322,B+
4654,3806,5726,A
4655,2109,6232,D
4656,4488,6367,F
4657,4661,6585,A
4658,1825,6706,D
4659,3636,2012,C
4660,1997,26,B+
4661,3822,6316,B+
4662,1487,4236,C+
4663,1024,2368,F
4664,4958,6174,C
4665,4749,1838,F
4666,2988,2640,A
4667,1420,5507,F
4668,2585,3394,C+
4669,13,5922,A
4670,1781,4361,C
4671,3819,4464,C+
4672,2700,4462,B
4673,4398,2322,D
4674,4406,1250,B+
4675,516,5494,D
4676,4237,3216,A
4677,1581,554,D
4678,2340,6503,C+
4679,4045,2112,C+
4680,1314,3996,A
4681,183,4184,C+
4682,2312,4653,B+
4683,1776,6523,B
4684,2032,5337,C
4685,3711,6520,B
4686,1513,4741,C
4687,2261,1820,C+
4688,3887,5836,A
4689,653,6605,B+
4690,1933,528,A
4691,2279,6289,C
4692,514,3758,B
4693,4015,388,F
4694,2355,3822,C+
4695,365,5947,A
4696,3334,5639,C
4697,2154,5210,B+
4698,4118,6215,F
4699,2164,2052,C
4700,1447,1660,B+
4701,4464,4201,D
4702,2726,3850,A
4703,3553,4059,C+
4704,1879,3696,C
4705,2984,6294,C
4706,159,2504,B
4707,3281,4823,C
4708,223,2934,F
4709,2757,1734,A
4710,1097,1892,C+
4711,4641,6794,C+
4712,1421,3702,D
4713,3069,5263,A
4714,1751,4831,C
4715,3392,4788,F
4716,1965,6636,C
4717,4558,6465,D
4718,2161,5912,B+
4719,4595,4598,F
4720,2189,6668,D
4721,3542,3316,C+
4722,4094,5831,F
4723,4983,4364,C+
4724,4449,4033,F
4725,465,5757,B
4726,4353,1040,B+
4727,2160,5015,B+
4728,415,6129,B
4729,4958,202,B+
4730,1027,500,B
4731,3200,4924,B+
4732,4738,6333,C
4733,906,3686,B
4734,4258,6679,B
4735,4782,6323,B+
4736,4827,5731,C+
4737,1221,770,B
4738,776,4569,D
4739,3818,5505,A
4740,221,4497,C+
4741,1445,6549,C
4742,229,5351,F
4743,4910,4632,A
4744,2133,5118,B
4745,843,2940,B
4746,2389,62,A
4747,3942,5507,C+
4748,4483,6615,C+
4749,3662,44,A
4750,3270,802,A
4751,4450,4423,B
4752,1003,4718,D
4753,1364,4633,C
4754,483,4709,A
4755,547,5947,F
4756,2472,6376,B+
4757,1001,2492,B+
4758,2184,6208,C
4759,2293,5564,C+
4760,4400,2248,C
4761,1267,1456,A
4762,1680,5061,C+
4763,429,5301,B+
4764,2085,1062,D
4765,2484,14,C+
4766,3825,6807,A
4767,1192,5923,D
4768,3522,6781,C+
4769,2147,6537,C
4770,2769,1780,F
4771,497,1548,A
4772,2712,5850,F
4773,3002,5461,C+
4774,697,2008,C+
4775,4766,856,D
4776,1699,6995,F
4777,520,4191,D
4778,3165,5088,C
4779,149,4480,C+
4780,3013,2394,D
4781,2417,6818,B+
4782,3034,1540,D
4783,3290,4706,C
4784,1526,2264,B+
4785,1782,1950,F
4786,3883,5842,C+
4787,2891,5062,C+
4788,1216,2018,C+
4789,2278,1454,F
4790,4786,3166,C
4791,1130,5684,C
4792,4578,5143,C
4793,1682,1846,C
4794,2951,3680,B
4795,1474,5764,B
4796,2442,5192,F
4797,4721,5190,C+
4798,567,4537,C
4799,355,3782,C
4800,2306,5634,C+
4801,2251,4066,C+
4802,3493,4213,C
4803,3,4865,B+
4804,3743,6334,B+
4805,1722,604,D
4806,2734,4199,C
4807,521,2768,A
4808,1014,590,B+
4809,2140,5554,B+
4810,1385,6795,D
4811,752,2772,D
4812,4117,1578,A
4813,1137,2508,F
4814,991,2200,B
4815,3139,4674,C
4816,1882,4519,B
4817,2928,164,C
4818,1051,6872,C
4819,3053,5614,C+
4820,4615,4903,D
4821,2899,6865,B+
4822,4478,5748,F
4823,2259,6962,B+
4824,1167,3690,C
4825,139,2064,B+
4826,4321,6505,C+
4827,400,5012,A
4828,4488,4360,A
4829,4217,5430,D
4830,4472,1566,D
4831,695,4848,C
4832,1098,852,F
4833,2973,2458,A
4834,4895,6547,D
4835,240,4114,B
4836,2301,6565,D
4837,4825,6516,B+
4838,1228,1418,B+
4839,478,464,A
4840,1415,4884,B+
4841,743,882,B+
4842,3681,4935,B+
4843,1883,164,F
4844,1309,5919,A
4845,3652,478,C
4846,4874,6474,F
4847,397,3690,F
4848,1624,392,C+
4849,3126,4373,C+
4850,465,1850,B+
4851,121,5590,F
4852,4985,5734,C
4853,4440,3278,B
4854,1008,3582,C
4855,2418,4213,A
4856,2134,5633,B
4857,892,3462,B
4858,3708,5600,D
4859,190,5394,B+
4860,3202,6651,C
4861,3649,4995,B
4862,3319,1746,D
4863,2127,6353,C+
4864,4547,2,D
4865,3216,1904,C
4866,1047,260,D
4867,4981,5577,D
4868,2693,6474,B
4869,1428,3410,C+
4870,3257,2650,B
4871,4149,4743,F
4872,2778,6137,B+
4873,2449,5498,D
4874,973,916,C
4875,3305,6679,A
4876,4028,226,A
4877,2301,5908,F
4878,1786,5267,C+
4879,1290,6099,B
4880,1808,4889,C
4881,1306,4615,D
4882,2123,2128,D
4883,1208,5746,B
4884,2198,5735,C
4885,1196,756,C+
4886,2005,4618,A
4887,4714,6209,F
4888,4023,6726,F
4889,3872,4065,D
4890,1988,5580,C
4891,343,5590,F
4892,1416,6789,B
4893,1857,5523,B
4894,1221,4920,A
4895,992,532,F
4896,4964,5065,A
4897,1921,1862,C+
4898,3480,4536,C+
4899,3300,3826,F
4900,3754,3998,C
4901,174,6026,B+
4902,3833,1970,B+
4903,1928,4052,B+
4904,2451,6784,B+
4905,4360,2290,D
4906,817,6153,B
4907,2331,5422,B
4908,749,4120,F
4909,2907,4885,C
4910,2765,5272,C
4911,2802,566,C
4912,3030,5011,C
4913,1971,5729,B+
4914,4230,3516,C
4915,11,1782,A
4916,417,6747,C
4917,3446,5283,A
4918,2958,6562,A
4919,2552,5900,D
4920,669,6265,F
4921,2659,4948,B
4922,418,6526,C+
4923,2090,1726,B
4924,1952,6732,C
4925,4626,4093,A
4926,4044,4911,C+
4927,4025,4561,B+
4928,1845,5020,C
4929,3703,1750,D
4930,4568,4863,C+
4931,1219,3640,D
4932,2516,6311,B+
4933,1387,966,B+
4934,829,6379,C
4935,1602,1318,B+
4936,265,2440,F
4937,489,6120,B+
4938,216,1082,F
4939,3676,6785,B+
4940,3114,5236,B+
4941,4542,6642,A
4942,2462,742,B+
4943,521,374,A
4944,1009,330,B+
4945,4403,2310,B+
4946,3983,2052,A
4947,1174,3456,C+
4948,2808,4489,D
4949,3228,6062,C+
4950,161,1180,A
4951,3272,1934,D
4952,2295,6081,C
4953,3576,426,A
4954,2105,2152,F
4955,2079,1398,C
4956,3832,3250,C+
4957,4766,5998,A
4958,2548,5704,D
4959,3337,4708,D
4960,2243,4108,C
4961,1094,3098,D
4962,4256,4040,A
4963,2120,3928,C
4964,354,5418,B+
4965,2031,4265,A
4966,3929,4569,A
4967,2695,4478,B+
4968,2744,5380,F
4969,4599,5457,C
4970,4243,1070,B+
4971,762,1600,F
4972,2135,6973,B
4973,4986,5230,B
4974,2327,2788,C
4975,1850,4368,A
4976,3554,5043,C+
4977,3749,526,F
4978,236,448,B+
4979,212,3474,C
4980,1579,1610,A
4981,822,1692,B
4982,3249,76,D
4983,1359,2916,A
4984,844,288,D
4985,4566,6685,A
4986,1269,6522,A
4987,4021,5139,B+
4988,203,1202,D
4989,4036,6114,A
4990,1185,4545,B
4991,4722,3112,C
4992,1760,1890,D
4993,238,4176,A
4994,4374,3844,B+
4995,4089,6183,D
4996,359,5715,B
4997,2317,592,F
4998,4624,6788,C
4999,2847,6918,B+
5000,2991,3940,D
5001,3596,5816,C
5002,636,2818,F
5003,4561,1220,C+
